signal,threshold,strategy,lead_months,oos_sharpe,oos_ann_return,max_drawdown,annual_turnover,oos_n,valid
S1_level,T1_p25,P1,0,0.8998,14.8,-23.93,0.28,96,True
S1_level,T1_p25,P2,0,0.6159,7.6,-19.14,0.82,96,True
S1_level,T1_p25,P3,0,0.8998,14.8,-23.93,0.56,96,True
S1_level,T1_p50,P1,0,0.7538,12.35,-23.93,0.72,96,True
S1_level,T1_p50,P2,0,0.6159,7.6,-19.14,0.82,96,True
S1_level,T1_p50,P3,0,0.5904,9.89,-29.25,1.44,96,True
S1_level,T1_p75,P1,0,0.178,1.4,-19.98,0.58,96,True
S1_level,T1_p75,P2,0,0.6159,7.6,-19.14,0.82,96,True
S1_level,T1_p75,P3,0,-0.7218,-12.01,-66.79,1.17,96,False
S1_level,T2_rp25,P1,0,0.6351,10.07,-23.93,0.47,96,True
S1_level,T2_rp25,P2,0,0.6159,7.6,-19.14,0.82,96,True
S1_level,T2_rp25,P3,0,0.315,5.33,-30.84,0.94,96,True
S1_level,T2_rp50,P1,0,0.5153,7.65,-23.93,0.67,96,True
S1_level,T2_rp50,P2,0,0.6159,7.6,-19.14,0.82,96,True
S1_level,T2_rp50,P3,0,0.0297,0.51,-44.53,1.33,96,True
S1_level,T2_rp75,P1,0,0.3101,4.15,-19.98,0.94,96,True
S1_level,T2_rp75,P2,0,0.6159,7.6,-19.14,0.82,96,True
S1_level,T2_rp75,P3,0,-0.3853,-6.51,-53.75,1.89,96,False
S1_level,T1_p25,P1,1,0.8998,14.8,-23.93,0.31,96,True
S1_level,T1_p25,P2,1,0.6395,8.08,-21.37,0.82,96,True
S1_level,T1_p25,P3,1,0.8998,14.8,-23.93,0.61,96,True
S1_level,T1_p50,P1,1,0.9996,15.37,-23.93,0.75,96,True
S1_level,T1_p50,P2,1,0.6395,8.08,-21.37,0.82,96,True
S1_level,T1_p50,P3,1,0.9747,15.95,-23.93,1.5,96,True
S1_level,T1_p75,P1,1,0.1574,1.45,-23.93,0.61,96,True
S1_level,T1_p75,P2,1,0.6395,8.08,-21.37,0.82,96,True
S1_level,T1_p75,P3,1,-0.7152,-11.91,-66.5,1.22,96,False
S1_level,T2_rp25,P1,1,0.7308,11.74,-23.93,0.44,96,True
S1_level,T2_rp25,P2,1,0.6395,8.08,-21.37,0.82,96,True
S1_level,T2_rp25,P3,1,0.5156,8.67,-23.93,0.89,96,True
S1_level,T2_rp50,P1,1,0.3744,5.54,-23.93,0.67,96,True
S1_level,T2_rp50,P2,1,0.6395,8.08,-21.37,0.82,96,True
S1_level,T2_rp50,P3,1,-0.2197,-3.73,-59.58,1.33,96,False
S1_level,T2_rp75,P1,1,0.58,7.23,-19.98,0.94,96,True
S1_level,T2_rp75,P2,1,0.6395,8.08,-21.37,0.82,96,True
S1_level,T2_rp75,P3,1,-0.0201,-0.34,-57.37,1.89,96,False
S1_level,T1_p25,P1,2,0.8998,14.8,-23.93,0.31,96,True
S1_level,T1_p25,P2,2,0.6574,8.52,-20.35,0.82,96,True
S1_level,T1_p25,P3,2,0.8998,14.8,-23.93,0.61,96,True
S1_level,T1_p50,P1,2,0.7432,11.59,-23.93,0.75,96,True
S1_level,T1_p50,P2,2,0.6574,8.52,-20.35,0.82,96,True
S1_level,T1_p50,P3,2,0.4977,8.38,-35.12,1.5,96,True
S1_level,T1_p75,P1,2,0.19,1.69,-23.93,0.61,96,True
S1_level,T1_p75,P2,2,0.6574,8.52,-20.35,0.82,96,True
S1_level,T1_p75,P3,2,-0.6844,-11.41,-65.17,1.22,96,False
S1_level,T2_rp25,P1,2,0.7009,11.34,-23.93,0.44,96,True
S1_level,T2_rp25,P2,2,0.6574,8.52,-20.35,0.82,96,True
S1_level,T2_rp25,P3,2,0.4681,7.89,-23.93,0.89,96,True
S1_level,T2_rp50,P1,2,0.4971,7.47,-23.93,0.67,96,True
S1_level,T2_rp50,P2,2,0.6574,8.52,-20.35,0.82,96,True
S1_level,T2_rp50,P3,2,0.0078,0.13,-38.87,1.33,96,True
S1_level,T2_rp75,P1,2,0.1895,2.47,-23.93,0.94,96,True
S1_level,T2_rp75,P2,2,0.6574,8.52,-20.35,0.82,96,True
S1_level,T2_rp75,P3,2,-0.5883,-9.86,-64.59,1.89,96,False
S1_level,T1_p25,P1,3,0.8998,14.8,-23.93,0.31,96,True
S1_level,T1_p25,P2,3,0.6851,8.99,-20.26,0.82,96,True
S1_level,T1_p25,P3,3,0.8998,14.8,-23.93,0.61,96,True
S1_level,T1_p50,P1,3,0.9241,14.19,-23.93,0.75,96,True
S1_level,T1_p50,P2,3,0.6851,8.99,-20.26,0.82,96,True
S1_level,T1_p50,P3,3,0.8214,13.58,-23.93,1.5,96,True
S1_level,T1_p75,P1,3,0.1756,1.58,-23.93,0.5,96,True
S1_level,T1_p75,P2,3,0.6851,8.99,-20.26,0.82,96,True
S1_level,T1_p75,P3,3,-0.6988,-11.64,-65.8,1.0,96,False
S1_level,T2_rp25,P1,3,0.6253,10.01,-23.93,0.44,96,True
S1_level,T2_rp25,P2,3,0.6851,8.99,-20.26,0.82,96,True
S1_level,T2_rp25,P3,3,0.308,5.22,-32.21,0.89,96,True
S1_level,T2_rp50,P1,3,0.5286,7.96,-23.93,0.67,96,True
S1_level,T2_rp50,P2,3,0.6851,8.99,-20.26,0.82,96,True
S1_level,T2_rp50,P3,3,0.0655,1.11,-45.49,1.33,96,True
S1_level,T2_rp75,P1,3,0.5063,6.75,-23.93,0.94,96,True
S1_level,T2_rp75,P2,3,0.6851,8.99,-20.26,0.82,96,True
S1_level,T2_rp75,P3,3,-0.0764,-1.3,-58.32,1.89,96,False
S1_level,T1_p25,P1,6,0.8998,14.8,-23.93,0.36,96,True
S1_level,T1_p25,P2,6,0.7006,9.44,-19.32,0.82,96,True
S1_level,T1_p25,P3,6,0.8998,14.8,-23.93,0.72,96,True
S1_level,T1_p50,P1,6,0.861,13.56,-23.93,0.75,96,True
S1_level,T1_p50,P2,6,0.7006,9.44,-19.32,0.82,96,True
S1_level,T1_p50,P3,6,0.7415,12.32,-23.93,1.5,96,True
S1_level,T1_p75,P1,6,0.0021,0.02,-23.93,0.5,96,True
S1_level,T1_p75,P2,6,0.7006,9.44,-19.32,0.82,96,True
S1_level,T1_p75,P3,6,-0.8973,-14.76,-73.36,1.0,96,False
S1_level,T2_rp25,P1,6,0.716,11.31,-23.93,0.44,96,True
S1_level,T2_rp25,P2,6,0.7006,9.44,-19.32,0.82,96,True
S1_level,T2_rp25,P3,6,0.4645,7.83,-23.93,0.89,96,True
S1_level,T2_rp50,P1,6,0.4539,6.68,-23.93,0.67,96,True
S1_level,T2_rp50,P2,6,0.7006,9.44,-19.32,0.82,96,True
S1_level,T2_rp50,P3,6,-0.0848,-1.44,-44.25,1.33,96,False
S1_level,T2_rp75,P1,6,0.4256,6.02,-23.93,0.94,96,True
S1_level,T2_rp75,P2,6,0.7006,9.44,-19.32,0.82,96,True
S1_level,T2_rp75,P3,6,-0.1629,-2.77,-52.92,1.89,96,False
S2_yoy,T1_p25,P1,0,0.6639,9.61,-19.98,1.47,96,True
S2_yoy,T1_p25,P2,0,0.8661,5.74,-11.32,1.17,96,True
S2_yoy,T1_p25,P3,0,0.2601,4.41,-27.15,2.94,96,True
S2_yoy,T1_p50,P1,0,0.5369,5.49,-19.45,2.17,96,True
S2_yoy,T1_p50,P2,0,0.8661,5.74,-11.32,1.17,96,True
S2_yoy,T1_p50,P3,0,-0.2259,-3.83,-47.29,4.33,96,False
S2_yoy,T1_p75,P1,0,0.1704,1.19,-19.42,1.61,96,True
S2_yoy,T1_p75,P2,0,0.8661,5.74,-11.32,1.17,96,True
S2_yoy,T1_p75,P3,0,-0.7475,-12.42,-67.9,3.22,96,False
S2_yoy,T2_rp25,P1,0,0.7839,10.64,-19.45,2.25,96,True
S2_yoy,T2_rp25,P2,0,0.8661,5.74,-11.32,1.17,96,True
S2_yoy,T2_rp25,P3,0,0.3829,6.47,-29.2,4.5,96,True
S2_yoy,T2_rp50,P1,0,0.3782,3.57,-19.45,1.83,96,True
S2_yoy,T2_rp50,P2,0,0.8661,5.74,-11.32,1.17,96,True
S2_yoy,T2_rp50,P3,0,-0.4552,-7.67,-56.24,3.67,96,False
S2_yoy,T2_rp75,P1,0,0.1873,1.34,-19.42,1.56,96,True
S2_yoy,T2_rp75,P2,0,0.8661,5.74,-11.32,1.17,96,True
S2_yoy,T2_rp75,P3,0,-0.7284,-12.12,-67.11,3.11,96,False
S2_yoy,T4_zero,P1,0,0.3742,5.13,-20.15,1.44,96,True
S2_yoy,T4_zero,P2,0,0.8661,5.74,-11.32,1.17,96,True
S2_yoy,T4_zero,P3,0,-0.2684,-4.55,-54.4,2.89,96,False
S2_yoy,T1_p25,P1,1,0.81,11.15,-23.93,1.44,96,True
S2_yoy,T1_p25,P2,1,0.8887,6.16,-11.36,1.17,96,True
S2_yoy,T1_p25,P3,1,0.4451,7.5,-42.25,2.89,96,True
S2_yoy,T1_p50,P1,1,0.3897,4.35,-21.91,2.17,96,True
S2_yoy,T1_p50,P2,1,0.8887,6.16,-11.36,1.17,96,True
S2_yoy,T1_p50,P3,1,-0.361,-6.1,-57.54,4.33,96,False
S2_yoy,T1_p75,P1,1,0.5359,4.14,-12.52,1.61,96,True
S2_yoy,T1_p75,P2,1,0.8887,6.16,-11.36,1.17,96,True
S2_yoy,T1_p75,P3,1,-0.3862,-6.53,-53.45,3.22,96,False
S2_yoy,T2_rp25,P1,1,0.6868,9.51,-31.85,2.22,96,True
S2_yoy,T2_rp25,P2,1,0.8887,6.16,-11.36,1.17,96,True
S2_yoy,T2_rp25,P3,1,0.2486,4.22,-52.43,4.44,96,True
S2_yoy,T2_rp50,P1,1,0.4293,4.68,-19.45,1.83,96,True
S2_yoy,T2_rp50,P2,1,0.8887,6.16,-11.36,1.17,96,True
S2_yoy,T2_rp50,P3,1,-0.3218,-5.45,-50.88,3.67,96,False
S2_yoy,T2_rp75,P1,1,0.6255,5.37,-12.52,1.56,96,True
S2_yoy,T2_rp75,P2,1,0.8887,6.16,-11.36,1.17,96,True
S2_yoy,T2_rp75,P3,1,-0.2394,-4.06,-53.45,3.11,96,False
S2_yoy,T4_zero,P1,1,0.5874,7.79,-25.58,1.44,96,True
S2_yoy,T4_zero,P2,1,0.8887,6.16,-11.36,1.17,96,True
S2_yoy,T4_zero,P3,1,0.0456,0.77,-51.3,2.89,96,True
S2_yoy,T1_p25,P1,2,0.333,4.93,-27.89,1.42,96,True
S2_yoy,T1_p25,P2,2,0.8125,5.51,-9.75,1.17,96,True
S2_yoy,T1_p25,P3,2,-0.2913,-4.94,-50.8,2.83,96,False
S2_yoy,T1_p50,P1,2,0.2532,2.92,-20.04,2.17,96,True
S2_yoy,T1_p50,P2,2,0.8125,5.51,-9.75,1.17,96,True
S2_yoy,T1_p50,P3,2,-0.5335,-8.96,-59.97,4.33,96,False
S2_yoy,T1_p75,P1,2,0.4871,3.28,-7.95,1.61,96,True
S2_yoy,T1_p75,P2,2,0.8125,5.51,-9.75,1.17,96,True
S2_yoy,T1_p75,P3,2,-0.4899,-8.25,-56.73,3.22,96,False
S2_yoy,T2_rp25,P1,2,0.679,9.6,-21.33,2.19,96,True
S2_yoy,T2_rp25,P2,2,0.8125,5.51,-9.75,1.17,96,True
S2_yoy,T2_rp25,P3,2,0.2599,4.41,-30.87,4.39,96,True
S2_yoy,T2_rp50,P1,2,0.6436,6.73,-19.45,1.83,96,True
S2_yoy,T2_rp50,P2,2,0.8125,5.51,-9.75,1.17,96,True
S2_yoy,T2_rp50,P3,2,-0.0786,-1.34,-43.59,3.67,96,False
S2_yoy,T2_rp75,P1,2,0.5933,4.09,-7.95,1.56,96,True
S2_yoy,T2_rp75,P2,2,0.8125,5.51,-9.75,1.17,96,True
S2_yoy,T2_rp75,P3,2,-0.3922,-6.63,-53.45,3.11,96,False
S2_yoy,T4_zero,P1,2,0.3498,4.94,-23.93,1.44,96,True
S2_yoy,T4_zero,P2,2,0.8125,5.51,-9.75,1.17,96,True
S2_yoy,T4_zero,P3,2,-0.2907,-4.93,-45.23,2.89,96,False
S2_yoy,T1_p25,P1,3,0.772,11.07,-23.93,1.42,96,True
S2_yoy,T1_p25,P2,3,0.8552,5.94,-11.74,1.17,96,True
S2_yoy,T1_p25,P3,3,0.4345,7.33,-29.65,2.83,96,True
S2_yoy,T1_p50,P1,3,0.4256,5.04,-19.45,2.17,96,True
S2_yoy,T1_p50,P2,3,0.8552,5.94,-11.74,1.17,96,True
S2_yoy,T1_p50,P3,3,-0.279,-4.73,-46.7,4.33,96,False
S2_yoy,T1_p75,P1,3,0.3195,2.56,-19.45,1.61,96,True
S2_yoy,T1_p75,P2,3,0.8552,5.94,-11.74,1.17,96,True
S2_yoy,T1_p75,P3,3,-0.5777,-9.69,-60.01,3.22,96,False
S2_yoy,T2_rp25,P1,3,0.8503,11.07,-19.45,2.19,96,True
S2_yoy,T2_rp25,P2,3,0.8552,5.94,-11.74,1.17,96,True
S2_yoy,T2_rp25,P3,3,0.4348,7.33,-26.23,4.39,96,True
S2_yoy,T2_rp50,P1,3,0.4078,4.65,-19.45,1.83,96,True
S2_yoy,T2_rp50,P2,3,0.8552,5.94,-11.74,1.17,96,True
S2_yoy,T2_rp50,P3,3,-0.3247,-5.5,-51.14,3.67,96,False
S2_yoy,T2_rp75,P1,3,0.3673,3.0,-19.45,1.56,96,True
S2_yoy,T2_rp75,P2,3,0.8552,5.94,-11.74,1.17,96,True
S2_yoy,T2_rp75,P3,3,-0.5239,-8.81,-57.09,3.11,96,False
S2_yoy,T4_zero,P1,3,0.6044,8.2,-23.93,1.44,96,True
S2_yoy,T4_zero,P2,3,0.8552,5.94,-11.74,1.17,96,True
S2_yoy,T4_zero,P3,3,0.0943,1.6,-47.9,2.89,96,True
S2_yoy,T1_p25,P1,6,0.6517,9.45,-23.93,1.39,96,True
S2_yoy,T1_p25,P2,6,0.7766,5.38,-9.72,1.17,96,True
S2_yoy,T1_p25,P3,6,0.2414,4.09,-34.3,2.78,96,True
S2_yoy,T1_p50,P1,6,0.5943,7.14,-21.88,2.11,96,True
S2_yoy,T1_p50,P2,6,0.7766,5.38,-9.72,1.17,96,True
S2_yoy,T1_p50,P3,6,-0.0302,-0.51,-39.16,4.22,96,False
S2_yoy,T1_p75,P1,6,0.2673,1.97,-12.49,1.67,96,True
S2_yoy,T1_p75,P2,6,0.7766,5.38,-9.72,1.17,96,True
S2_yoy,T1_p75,P3,6,-0.6498,-10.86,-67.49,3.33,96,False
S2_yoy,T2_rp25,P1,6,0.6839,9.59,-20.82,2.14,96,True
S2_yoy,T2_rp25,P2,6,0.7766,5.38,-9.72,1.17,96,True
S2_yoy,T2_rp25,P3,6,0.2578,4.37,-34.21,4.28,96,True
S2_yoy,T2_rp50,P1,6,0.5191,6.07,-24.61,1.83,96,True
S2_yoy,T2_rp50,P2,6,0.7766,5.38,-9.72,1.17,96,True
S2_yoy,T2_rp50,P3,6,-0.1569,-2.67,-44.39,3.67,96,False
S2_yoy,T2_rp75,P1,6,0.4411,3.8,-12.49,1.56,96,True
S2_yoy,T2_rp75,P2,6,0.7766,5.38,-9.72,1.17,96,True
S2_yoy,T2_rp75,P3,6,-0.4272,-7.21,-53.45,3.11,96,False
S2_yoy,T4_zero,P1,6,0.4464,6.29,-23.93,1.44,96,True
S2_yoy,T4_zero,P2,6,0.7766,5.38,-9.72,1.17,96,True
S2_yoy,T4_zero,P3,6,-0.1306,-2.22,-36.83,2.89,96,False
S3_mom,T1_p25,P1,0,0.7711,11.12,-19.42,4.42,96,True
S3_mom,T1_p25,P2,0,0.8488,7.95,-11.55,2.59,96,True
S3_mom,T1_p25,P3,0,0.441,7.44,-35.3,8.83,96,True
S3_mom,T1_p50,P1,0,0.4896,5.51,-17.72,6.58,96,True
S3_mom,T1_p50,P2,0,0.8488,7.95,-11.55,2.59,96,True
S3_mom,T1_p50,P3,0,-0.2232,-3.79,-46.2,13.17,96,False
S3_mom,T1_p75,P1,0,0.0497,0.38,-18.8,4.97,96,True
S3_mom,T1_p75,P2,0,0.8488,7.95,-11.55,2.59,96,True
S3_mom,T1_p75,P3,0,-0.8506,-14.04,-71.71,9.94,96,False
S3_mom,T2_rp25,P1,0,0.7039,10.08,-19.42,4.47,96,True
S3_mom,T2_rp25,P2,0,0.8488,7.95,-11.55,2.59,96,True
S3_mom,T2_rp25,P3,0,0.3165,5.36,-33.76,8.94,96,True
S3_mom,T2_rp50,P1,0,0.485,5.45,-17.72,5.86,96,True
S3_mom,T2_rp50,P2,0,0.8488,7.95,-11.55,2.59,96,True
S3_mom,T2_rp50,P3,0,-0.2303,-3.91,-49.31,11.72,96,False
S3_mom,T2_rp75,P1,0,0.2057,1.3,-10.33,4.47,96,True
S3_mom,T2_rp75,P2,0,0.8488,7.95,-11.55,2.59,96,True
S3_mom,T2_rp75,P3,0,-0.7333,-12.19,-67.2,8.94,96,False
S3_mom,T4_zero,P1,0,0.4542,5.14,-17.72,6.58,96,True
S3_mom,T4_zero,P2,0,0.8488,7.95,-11.55,2.59,96,True
S3_mom,T4_zero,P3,0,-0.2669,-4.52,-49.28,13.17,96,False
S3_mom,T1_p25,P1,1,0.7827,10.94,-25.95,4.42,96,True
S3_mom,T1_p25,P2,1,0.8335,7.94,-15.35,2.59,96,True
S3_mom,T1_p25,P3,1,0.4193,7.08,-39.45,8.83,96,True
S3_mom,T1_p50,P1,1,0.5544,6.03,-12.52,6.56,96,True
S3_mom,T1_p50,P2,1,0.8335,7.94,-15.35,2.59,96,True
S3_mom,T1_p50,P3,1,-0.1611,-2.74,-46.34,13.11,96,False
S3_mom,T1_p75,P1,1,0.5514,4.89,-12.49,4.94,96,True
S3_mom,T1_p75,P2,1,0.8335,7.94,-15.35,2.59,96,True
S3_mom,T1_p75,P3,1,-0.296,-5.01,-50.96,9.89,96,False
S3_mom,T2_rp25,P1,1,0.7369,10.28,-25.95,4.47,96,True
S3_mom,T2_rp25,P2,1,0.8335,7.94,-15.35,2.59,96,True
S3_mom,T2_rp25,P3,1,0.3404,5.76,-39.45,8.94,96,True
S3_mom,T2_rp50,P1,1,0.6497,6.98,-12.52,5.83,96,True
S3_mom,T2_rp50,P2,1,0.8335,7.94,-15.35,2.59,96,True
S3_mom,T2_rp50,P3,1,-0.0501,-0.85,-41.1,11.67,96,False
S3_mom,T2_rp75,P1,1,0.8368,5.94,-4.74,4.44,96,True
S3_mom,T2_rp75,P2,1,0.8335,7.94,-15.35,2.59,96,True
S3_mom,T2_rp75,P3,1,-0.172,-2.92,-48.2,8.89,96,False
S3_mom,T4_zero,P1,1,0.5944,6.5,-12.52,6.56,96,True
S3_mom,T4_zero,P2,1,0.8335,7.94,-15.35,2.59,96,True
S3_mom,T4_zero,P3,1,-0.1057,-1.8,-42.15,13.11,96,False
S3_mom,T1_p25,P1,2,0.8604,12.56,-21.51,4.47,96,True
S3_mom,T1_p25,P2,2,0.8525,8.22,-13.51,2.59,96,True
S3_mom,T1_p25,P3,2,0.6166,10.32,-29.55,8.94,96,True
S3_mom,T1_p50,P1,2,0.3879,4.6,-25.75,6.56,96,True
S3_mom,T1_p50,P2,2,0.8525,8.22,-13.51,2.59,96,True
S3_mom,T1_p50,P3,2,-0.3311,-5.6,-49.57,13.11,96,False
S3_mom,T1_p75,P1,2,0.3979,3.09,-8.81,4.89,96,True
S3_mom,T1_p75,P2,2,0.8525,8.22,-13.51,2.59,96,True
S3_mom,T1_p75,P3,2,-0.5129,-8.63,-62.73,9.78,96,False
S3_mom,T2_rp25,P1,2,0.7739,11.4,-21.51,4.47,96,True
S3_mom,T2_rp25,P2,2,0.8525,8.22,-13.51,2.59,96,True
S3_mom,T2_rp25,P3,2,0.4748,8.0,-29.55,8.94,96,True
S3_mom,T2_rp50,P1,2,0.3569,4.17,-25.75,5.81,96,True
S3_mom,T2_rp50,P2,2,0.8525,8.22,-13.51,2.59,96,True
S3_mom,T2_rp50,P3,2,-0.3827,-6.47,-56.18,11.61,96,False
S3_mom,T2_rp75,P1,2,0.7246,3.64,-6.14,4.44,96,True
S3_mom,T2_rp75,P2,2,0.8525,8.22,-13.51,2.59,96,True
S3_mom,T2_rp75,P3,2,-0.4467,-7.53,-61.64,8.89,96,False
S3_mom,T4_zero,P1,2,0.2849,3.5,-32.27,6.56,96,True
S3_mom,T4_zero,P2,2,0.8525,8.22,-13.51,2.59,96,True
S3_mom,T4_zero,P3,2,-0.4627,-7.8,-57.7,13.11,96,False
S3_mom,T1_p25,P1,3,0.978,13.19,-19.45,4.42,96,True
S3_mom,T1_p25,P2,3,0.8315,8.32,-12.96,2.59,96,True
S3_mom,T1_p25,P3,3,0.6944,11.57,-38.39,8.83,96,True
S3_mom,T1_p50,P1,3,0.578,7.15,-20.76,6.53,96,True
S3_mom,T1_p50,P2,3,0.8315,8.32,-12.96,2.59,96,True
S3_mom,T1_p50,P3,3,-0.0299,-0.51,-40.52,13.06,96,False
S3_mom,T1_p75,P1,3,0.3174,2.89,-9.46,4.92,96,True
S3_mom,T1_p75,P2,3,0.8315,8.32,-12.96,2.59,96,True
S3_mom,T1_p75,P3,3,-0.5368,-9.02,-61.14,9.83,96,False
S3_mom,T2_rp25,P1,3,0.9902,13.49,-19.45,4.47,96,True
S3_mom,T2_rp25,P2,3,0.8315,8.32,-12.96,2.59,96,True
S3_mom,T2_rp25,P3,3,0.7325,12.18,-38.39,8.94,96,True
S3_mom,T2_rp50,P1,3,0.61,7.55,-20.76,5.81,96,True
S3_mom,T2_rp50,P2,3,0.8315,8.32,-12.96,2.59,96,True
S3_mom,T2_rp50,P3,3,0.0169,0.29,-40.52,11.61,96,True
S3_mom,T2_rp75,P1,3,0.2784,2.18,-8.78,4.42,96,True
S3_mom,T2_rp75,P2,3,0.8315,8.32,-12.96,2.59,96,True
S3_mom,T2_rp75,P3,3,-0.6236,-10.43,-64.79,8.83,96,False
S3_mom,T4_zero,P1,3,0.5804,7.17,-20.76,6.53,96,True
S3_mom,T4_zero,P2,3,0.8315,8.32,-12.96,2.59,96,True
S3_mom,T4_zero,P3,3,-0.0266,-0.45,-40.52,13.06,96,False
S3_mom,T1_p25,P1,6,1.3882,18.73,-19.42,4.53,96,True
S3_mom,T1_p25,P2,6,0.9023,9.11,-16.24,2.6,96,True
S3_mom,T1_p25,P3,6,1.4454,22.66,-19.42,9.06,96,True
S3_mom,T1_p50,P1,6,1.0187,11.76,-19.42,6.5,96,True
S3_mom,T1_p50,P2,6,0.9023,9.11,-16.24,2.6,96,True
S3_mom,T1_p50,P3,6,0.5183,8.71,-29.65,13.0,96,True
S3_mom,T1_p75,P1,6,0.4381,4.32,-19.42,4.89,96,True
S3_mom,T1_p75,P2,6,0.9023,9.11,-16.24,2.6,96,True
S3_mom,T1_p75,P3,6,-0.3641,-6.16,-50.32,9.78,96,False
S3_mom,T2_rp25,P1,6,1.311,17.97,-19.42,4.42,96,True
S3_mom,T2_rp25,P2,6,0.9023,9.11,-16.24,2.6,96,True
S3_mom,T2_rp25,P3,6,1.333,21.14,-19.42,8.83,96,True
S3_mom,T2_rp50,P1,6,1.058,12.13,-19.42,5.75,96,True
S3_mom,T2_rp50,P2,6,0.9023,9.11,-16.24,2.6,96,True
S3_mom,T2_rp50,P3,6,0.5633,9.45,-29.65,11.5,96,True
S3_mom,T2_rp75,P1,6,0.3783,3.35,-20.07,4.39,96,True
S3_mom,T2_rp75,P2,6,0.9023,9.11,-16.24,2.6,96,True
S3_mom,T2_rp75,P3,6,-0.4815,-8.11,-57.51,8.78,96,False
S3_mom,T4_zero,P1,6,0.9634,11.25,-19.42,6.5,96,True
S3_mom,T4_zero,P2,6,0.9023,9.11,-16.24,2.6,96,True
S3_mom,T4_zero,P3,6,0.4565,7.69,-29.65,13.0,96,True
S4_dev,T1_p25,P1,0,0.3395,4.42,-19.45,1.69,96,True
S4_dev,T1_p25,P2,0,0.8479,6.74,-12.03,1.35,96,True
S4_dev,T1_p25,P3,0,-0.3527,-5.96,-50.5,3.39,96,False
S4_dev,T1_p50,P1,0,0.3036,3.23,-19.45,3.08,96,True
S4_dev,T1_p50,P2,0,0.8479,6.74,-12.03,1.35,96,True
S4_dev,T1_p50,P3,0,-0.496,-8.35,-56.01,6.17,96,False
S4_dev,T1_p75,P1,0,0.2595,2.02,-12.99,2.22,96,True
S4_dev,T1_p75,P2,0,0.8479,6.74,-12.03,1.35,96,True
S4_dev,T1_p75,P3,0,-0.6439,-10.76,-63.66,4.44,96,False
S4_dev,T2_rp25,P1,0,0.5064,6.62,-19.64,1.97,96,True
S4_dev,T2_rp25,P2,0,0.8479,6.74,-12.03,1.35,96,True
S4_dev,T2_rp25,P3,0,-0.0923,-1.57,-51.4,3.94,96,False
S4_dev,T2_rp50,P1,0,0.2346,2.56,-19.45,2.64,96,True
S4_dev,T2_rp50,P2,0,0.8479,6.74,-12.03,1.35,96,True
S4_dev,T2_rp50,P3,0,-0.578,-9.69,-60.5,5.28,96,False
S4_dev,T2_rp75,P1,0,0.4157,2.92,-8.07,1.86,96,True
S4_dev,T2_rp75,P2,0,0.8479,6.74,-12.03,1.35,96,True
S4_dev,T2_rp75,P3,0,-0.533,-8.96,-59.99,3.72,96,False
S4_dev,T1_p25,P1,1,0.5786,7.69,-21.76,1.67,96,True
S4_dev,T1_p25,P2,1,0.8174,6.67,-13.89,1.35,96,True
S4_dev,T1_p25,P3,1,0.0334,0.57,-44.19,3.33,96,True
S4_dev,T1_p50,P1,1,0.2491,2.77,-19.98,3.06,96,True
S4_dev,T1_p50,P2,1,0.8174,6.67,-13.89,1.35,96,True
S4_dev,T1_p50,P3,1,-0.5514,-9.26,-58.8,6.11,96,False
S4_dev,T1_p75,P1,1,0.109,0.93,-17.9,2.22,96,True
S4_dev,T1_p75,P2,1,0.8174,6.67,-13.89,1.35,96,True
S4_dev,T1_p75,P3,1,-0.7806,-12.94,-70.67,4.44,96,False
S4_dev,T2_rp25,P1,1,0.8226,11.04,-23.03,1.97,96,True
S4_dev,T2_rp25,P2,1,0.8174,6.67,-13.89,1.35,96,True
S4_dev,T2_rp25,P3,1,0.431,7.27,-37.21,3.94,96,True
S4_dev,T2_rp50,P1,1,0.2348,2.7,-22.99,2.61,96,True
S4_dev,T2_rp50,P2,1,0.8174,6.67,-13.89,1.35,96,True
S4_dev,T2_rp50,P3,1,-0.5605,-9.41,-59.29,5.22,96,False
S4_dev,T2_rp75,P1,1,0.4237,3.1,-17.9,1.83,96,True
S4_dev,T2_rp75,P2,1,0.8174,6.67,-13.89,1.35,96,True
S4_dev,T2_rp75,P3,1,-0.5115,-8.6,-58.93,3.67,96,False
S4_dev,T1_p25,P1,2,0.5941,8.15,-20.62,1.64,96,True
S4_dev,T1_p25,P2,2,0.8076,6.85,-12.66,1.36,96,True
S4_dev,T1_p25,P3,2,0.0885,1.5,-34.73,3.28,96,True
S4_dev,T1_p50,P1,2,0.64,7.35,-19.45,3.0,96,True
S4_dev,T1_p50,P2,2,0.8076,6.85,-12.66,1.36,96,True
S4_dev,T1_p50,P3,2,-0.0059,-0.1,-32.65,6.0,96,False
S4_dev,T1_p75,P1,2,0.5913,5.61,-16.11,2.17,96,True
S4_dev,T1_p75,P2,2,0.8076,6.85,-12.66,1.36,96,True
S4_dev,T1_p75,P3,2,-0.2111,-3.58,-53.45,4.33,96,False
S4_dev,T2_rp25,P1,2,0.7579,9.95,-20.62,1.97,96,True
S4_dev,T2_rp25,P2,2,0.8076,6.85,-12.66,1.36,96,True
S4_dev,T2_rp25,P3,2,0.3013,5.1,-39.17,3.94,96,True
S4_dev,T2_rp50,P1,2,0.6323,7.61,-19.45,2.61,96,True
S4_dev,T2_rp50,P2,2,0.8076,6.85,-12.66,1.36,96,True
S4_dev,T2_rp50,P3,2,0.0244,0.41,-30.83,5.22,96,True
S4_dev,T2_rp75,P1,2,0.6976,5.92,-8.78,1.83,96,True
S4_dev,T2_rp75,P2,2,0.8076,6.85,-12.66,1.36,96,True
S4_dev,T2_rp75,P3,2,-0.1739,-2.95,-53.45,3.67,96,False
S4_dev,T1_p25,P1,3,0.7965,10.87,-19.45,1.64,96,True
S4_dev,T1_p25,P2,3,0.7378,6.52,-14.15,1.36,96,True
S4_dev,T1_p25,P3,3,0.4112,6.94,-21.12,3.28,96,True
S4_dev,T1_p50,P1,3,0.425,4.93,-19.45,3.06,96,True
S4_dev,T1_p50,P2,3,0.7378,6.52,-14.15,1.36,96,True
S4_dev,T1_p50,P3,3,-0.2914,-4.94,-53.05,6.11,96,False
S4_dev,T1_p75,P1,3,0.1771,1.72,-19.45,2.22,96,True
S4_dev,T1_p75,P2,3,0.7378,6.52,-14.15,1.36,96,True
S4_dev,T1_p75,P3,3,-0.6816,-11.37,-65.11,4.44,96,False
S4_dev,T2_rp25,P1,3,0.736,9.94,-19.45,1.97,96,True
S4_dev,T2_rp25,P2,3,0.7378,6.52,-14.15,1.36,96,True
S4_dev,T2_rp25,P3,3,0.3,5.08,-29.09,3.94,96,True
S4_dev,T2_rp50,P1,3,0.5681,6.9,-19.45,2.61,96,True
S4_dev,T2_rp50,P2,3,0.7378,6.52,-14.15,1.36,96,True
S4_dev,T2_rp50,P3,3,-0.0593,-1.01,-35.68,5.22,96,False
S4_dev,T2_rp75,P1,3,0.2921,2.51,-19.45,1.83,96,True
S4_dev,T2_rp75,P2,3,0.7378,6.52,-14.15,1.36,96,True
S4_dev,T2_rp75,P3,3,-0.5841,-9.79,-62.87,3.67,96,False
S4_dev,T1_p25,P1,6,0.8719,12.21,-19.45,1.61,96,True
S4_dev,T1_p25,P2,6,0.8498,7.34,-12.01,1.36,96,True
S4_dev,T1_p25,P3,6,0.5732,9.61,-26.34,3.22,96,True
S4_dev,T1_p50,P1,6,0.553,6.79,-21.37,3.0,96,True
S4_dev,T1_p50,P2,6,0.8498,7.34,-12.01,1.36,96,True
S4_dev,T1_p50,P3,6,-0.0724,-1.23,-36.3,6.0,96,False
S4_dev,T1_p75,P1,6,0.4438,4.88,-24.98,2.17,96,True
S4_dev,T1_p75,P2,6,0.8498,7.34,-12.01,1.36,96,True
S4_dev,T1_p75,P3,6,-0.298,-5.05,-49.27,4.33,96,False
S4_dev,T2_rp25,P1,6,0.9231,13.04,-19.42,1.92,96,True
S4_dev,T2_rp25,P2,6,0.8498,7.34,-12.01,1.36,96,True
S4_dev,T2_rp25,P3,6,0.6755,11.27,-26.34,3.83,96,True
S4_dev,T2_rp50,P1,6,0.7223,9.04,-21.37,2.61,96,True
S4_dev,T2_rp50,P2,6,0.8498,7.34,-12.01,1.36,96,True
S4_dev,T2_rp50,P3,6,0.1931,3.28,-36.3,5.22,96,True
S4_dev,T2_rp75,P1,6,0.4591,4.55,-23.59,1.83,96,True
S4_dev,T2_rp75,P2,6,0.8498,7.34,-12.01,1.36,96,True
S4_dev,T2_rp75,P3,6,-0.3365,-5.69,-53.45,3.67,96,False
S5_z,T1_p25,P1,0,0.5224,7.83,-23.93,0.5,96,True
S5_z,T1_p25,P2,0,0.5805,5.2,-15.27,1.14,96,True
S5_z,T1_p25,P3,0,0.0507,0.86,-42.93,1.0,96,True
S5_z,T1_p50,P1,0,0.2081,2.23,-19.75,1.44,96,True
S5_z,T1_p50,P2,0,0.5805,5.2,-15.27,1.14,96,True
S5_z,T1_p50,P3,0,-0.6182,-10.35,-66.65,2.89,96,False
S5_z,T1_p75,P1,0,0.1333,1.24,-19.45,1.44,96,True
S5_z,T1_p75,P2,0,0.5805,5.2,-15.27,1.14,96,True
S5_z,T1_p75,P3,0,-0.7409,-12.32,-69.47,2.89,96,False
S5_z,T2_rp25,P1,0,0.2823,3.1,-19.45,0.78,96,True
S5_z,T2_rp25,P2,0,0.5805,5.2,-15.27,1.14,96,True
S5_z,T2_rp25,P3,0,-0.5117,-8.61,-61.66,1.56,96,False
S5_z,T2_rp50,P1,0,0.1212,1.16,-19.45,1.33,96,True
S5_z,T2_rp50,P2,0,0.5805,5.2,-15.27,1.14,96,True
S5_z,T2_rp50,P3,0,-0.7519,-12.49,-67.62,2.67,96,False
S5_z,T2_rp75,P1,0,0.415,2.92,-8.07,1.22,96,True
S5_z,T2_rp75,P2,0,0.5805,5.2,-15.27,1.14,96,True
S5_z,T2_rp75,P3,0,-0.5336,-8.97,-60.02,2.44,96,False
S5_z,T1_p25,P1,1,0.4259,6.49,-23.93,0.44,96,True
S5_z,T1_p25,P2,1,0.6539,6.16,-16.93,1.14,96,True
S5_z,T1_p25,P3,1,-0.1067,-1.81,-52.87,0.89,96,False
S5_z,T1_p50,P1,1,0.3708,4.3,-19.98,1.39,96,True
S5_z,T1_p50,P2,1,0.6539,6.16,-16.93,1.14,96,True
S5_z,T1_p50,P3,1,-0.3671,-6.21,-61.55,2.78,96,False
S5_z,T1_p75,P1,1,0.1785,1.88,-19.98,1.44,96,True
S5_z,T1_p75,P2,1,0.6539,6.16,-16.93,1.14,96,True
S5_z,T1_p75,P3,1,-0.6615,-11.05,-66.21,2.89,96,False
S5_z,T2_rp25,P1,1,0.3868,4.49,-19.98,0.78,96,True
S5_z,T2_rp25,P2,1,0.6539,6.16,-16.93,1.14,96,True
S5_z,T2_rp25,P3,1,-0.3445,-5.83,-61.55,1.56,96,False
S5_z,T2_rp50,P1,1,0.1971,2.15,-19.98,1.33,96,True
S5_z,T2_rp50,P2,1,0.6539,6.16,-16.93,1.14,96,True
S5_z,T2_rp50,P3,1,-0.6283,-10.51,-62.74,2.67,96,False
S5_z,T2_rp75,P1,1,0.2683,2.11,-24.4,1.22,96,True
S5_z,T2_rp75,P2,1,0.6539,6.16,-16.93,1.14,96,True
S5_z,T2_rp75,P3,1,-0.6327,-10.58,-64.96,2.44,96,False
S5_z,T1_p25,P1,2,0.4776,7.26,-23.93,0.44,96,True
S5_z,T1_p25,P2,2,0.6233,6.13,-16.3,1.14,96,True
S5_z,T1_p25,P3,2,-0.0163,-0.28,-40.84,0.89,96,False
S5_z,T1_p50,P1,2,0.4,4.81,-19.98,1.39,96,True
S5_z,T1_p50,P2,2,0.6233,6.13,-16.3,1.14,96,True
S5_z,T1_p50,P3,2,-0.306,-5.18,-53.75,2.78,96,False
S5_z,T1_p75,P1,2,0.4381,4.73,-19.45,1.44,96,True
S5_z,T1_p75,P2,2,0.6233,6.13,-16.3,1.14,96,True
S5_z,T1_p75,P3,2,-0.315,-5.33,-54.78,2.89,96,False
S5_z,T2_rp25,P1,2,0.3819,4.6,-19.98,0.78,96,True
S5_z,T2_rp25,P2,2,0.6233,6.13,-16.3,1.14,96,True
S5_z,T2_rp25,P3,2,-0.331,-5.6,-53.75,1.56,96,False
S5_z,T2_rp50,P1,2,0.4133,4.71,-20.62,1.33,96,True
S5_z,T2_rp50,P2,2,0.6233,6.13,-16.3,1.14,96,True
S5_z,T2_rp50,P3,2,-0.3179,-5.38,-56.24,2.67,96,False
S5_z,T2_rp75,P1,2,0.4521,4.36,-19.45,1.22,96,True
S5_z,T2_rp75,P2,2,0.6233,6.13,-16.3,1.14,96,True
S5_z,T2_rp75,P3,2,-0.3592,-6.07,-56.19,2.44,96,False
S5_z,T1_p25,P1,3,0.644,9.93,-23.93,0.44,96,True
S5_z,T1_p25,P2,3,0.5325,5.49,-19.33,1.15,96,True
S5_z,T1_p25,P3,3,0.2987,5.06,-25.21,0.89,96,True
S5_z,T1_p50,P1,3,0.4021,4.85,-19.98,1.39,96,True
S5_z,T1_p50,P2,3,0.5325,5.49,-19.33,1.15,96,True
S5_z,T1_p50,P3,3,-0.3009,-5.1,-57.37,2.78,96,False
S5_z,T1_p75,P1,3,0.3587,3.94,-19.45,1.39,96,True
S5_z,T1_p75,P2,3,0.5325,5.49,-19.33,1.15,96,True
S5_z,T1_p75,P3,3,-0.4103,-6.93,-55.31,2.78,96,False
S5_z,T2_rp25,P1,3,0.4021,4.85,-19.98,0.78,96,True
S5_z,T2_rp25,P2,3,0.5325,5.49,-19.33,1.15,96,True
S5_z,T2_rp25,P3,3,-0.3009,-5.1,-57.37,1.56,96,False
S5_z,T2_rp50,P1,3,0.4484,5.1,-19.45,1.33,96,True
S5_z,T2_rp50,P2,3,0.5325,5.49,-19.33,1.15,96,True
S5_z,T2_rp50,P3,3,-0.2713,-4.6,-55.31,2.67,96,False
S5_z,T2_rp75,P1,3,0.4243,4.09,-19.45,1.22,96,True
S5_z,T2_rp75,P2,3,0.5325,5.49,-19.33,1.15,96,True
S5_z,T2_rp75,P3,3,-0.3916,-6.62,-55.65,2.44,96,False
S5_z,T1_p25,P1,6,0.5172,7.75,-23.93,0.44,96,True
S5_z,T1_p25,P2,6,0.6542,6.92,-16.19,1.15,96,True
S5_z,T1_p25,P3,6,0.0414,0.7,-33.81,0.89,96,True
S5_z,T1_p50,P1,6,0.3741,5.11,-23.93,1.33,96,True
S5_z,T1_p50,P2,6,0.6542,6.92,-16.19,1.15,96,True
S5_z,T1_p50,P3,6,-0.2701,-4.58,-53.41,2.67,96,False
S5_z,T1_p75,P1,6,0.5251,6.04,-17.34,1.39,96,True
S5_z,T1_p75,P2,6,0.6542,6.92,-16.19,1.15,96,True
S5_z,T1_p75,P3,6,-0.1601,-2.72,-49.27,2.78,96,False
S5_z,T2_rp25,P1,6,0.4096,5.57,-23.93,0.78,96,True
S5_z,T2_rp25,P2,6,0.6542,6.92,-16.19,1.15,96,True
S5_z,T2_rp25,P3,6,-0.2163,-3.67,-53.41,1.56,96,False
S5_z,T2_rp50,P1,6,0.3663,4.45,-23.59,1.33,96,True
S5_z,T2_rp50,P2,6,0.6542,6.92,-16.19,1.15,96,True
S5_z,T2_rp50,P3,6,-0.3488,-5.9,-49.45,2.67,96,False
S5_z,T2_rp75,P1,6,0.5233,5.29,-23.59,1.22,96,True
S5_z,T2_rp75,P2,6,0.6542,6.92,-16.19,1.15,96,True
S5_z,T2_rp75,P3,6,-0.249,-4.22,-53.45,2.44,96,False
S6_mom3m,T1_p25,P1,0,0.9159,11.24,-15.11,2.47,96,True
S6_mom3m,T1_p25,P2,0,0.8807,6.57,-10.83,1.68,96,True
S6_mom3m,T1_p25,P3,0,0.4554,7.68,-18.33,4.94,96,True
S6_mom3m,T1_p50,P1,0,0.4778,4.24,-14.62,3.64,96,True
S6_mom3m,T1_p50,P2,0,0.8807,6.57,-10.83,1.68,96,True
S6_mom3m,T1_p50,P3,0,-0.3735,-6.31,-52.83,7.28,96,False
S6_mom3m,T1_p75,P1,0,0.3846,3.01,-14.62,3.33,96,True
S6_mom3m,T1_p75,P2,0,0.8807,6.57,-10.83,1.68,96,True
S6_mom3m,T1_p75,P3,0,-0.5224,-8.78,-57.33,6.67,96,False
S6_mom3m,T2_rp25,P1,0,1.1466,13.46,-8.8,2.47,96,True
S6_mom3m,T2_rp25,P2,0,0.8807,6.57,-10.83,1.68,96,True
S6_mom3m,T2_rp25,P3,0,0.7283,12.11,-18.33,4.94,96,True
S6_mom3m,T2_rp50,P1,0,0.6187,5.95,-14.62,3.42,96,True
S6_mom3m,T2_rp50,P2,0,0.8807,6.57,-10.83,1.68,96,True
S6_mom3m,T2_rp50,P3,0,-0.1707,-2.9,-38.64,6.83,96,False
S6_mom3m,T2_rp75,P1,0,0.0452,0.28,-14.62,3.17,96,True
S6_mom3m,T2_rp75,P2,0,0.8807,6.57,-10.83,1.68,96,True
S6_mom3m,T2_rp75,P3,0,-0.863,-14.23,-72.06,6.33,96,False
S6_mom3m,T1_p25,P1,1,0.825,10.67,-19.45,2.42,96,True
S6_mom3m,T1_p25,P2,1,0.8893,6.89,-11.53,1.68,96,True
S6_mom3m,T1_p25,P3,1,0.3865,6.53,-38.09,4.83,96,True
S6_mom3m,T1_p50,P1,1,0.6667,6.49,-12.99,3.64,96,True
S6_mom3m,T1_p50,P2,1,0.8893,6.89,-11.53,1.68,96,True
S6_mom3m,T1_p50,P3,1,-0.1076,-1.83,-55.58,7.28,96,False
S6_mom3m,T1_p75,P1,1,0.7141,5.96,-8.78,3.33,96,True
S6_mom3m,T1_p75,P2,1,0.8893,6.89,-11.53,1.68,96,True
S6_mom3m,T1_p75,P3,1,-0.1703,-2.89,-56.68,6.67,96,False
S6_mom3m,T2_rp25,P1,1,1.0095,11.98,-12.99,2.47,96,True
S6_mom3m,T2_rp25,P2,1,0.8893,6.89,-11.53,1.68,96,True
S6_mom3m,T2_rp25,P3,1,0.5458,9.17,-23.14,4.94,96,True
S6_mom3m,T2_rp50,P1,1,0.7058,7.08,-12.99,3.42,96,True
S6_mom3m,T2_rp50,P2,1,0.8893,6.89,-11.53,1.68,96,True
S6_mom3m,T2_rp50,P3,1,-0.0379,-0.64,-47.4,6.83,96,False
S6_mom3m,T2_rp75,P1,1,0.5825,4.64,-8.78,3.14,96,True
S6_mom3m,T2_rp75,P2,1,0.8893,6.89,-11.53,1.68,96,True
S6_mom3m,T2_rp75,P3,1,-0.3267,-5.53,-63.74,6.28,96,False
S6_mom3m,T1_p25,P1,2,0.5888,7.86,-19.45,2.42,96,True
S6_mom3m,T1_p25,P2,2,0.8491,6.62,-11.15,1.68,96,True
S6_mom3m,T1_p25,P3,2,0.0535,0.91,-30.22,4.83,96,True
S6_mom3m,T1_p50,P1,2,0.5323,4.9,-13.69,3.64,96,True
S6_mom3m,T1_p50,P2,2,0.8491,6.62,-11.15,1.68,96,True
S6_mom3m,T1_p50,P3,2,-0.2948,-4.99,-55.27,7.28,96,False
S6_mom3m,T1_p75,P1,2,1.0502,8.02,-8.78,3.33,96,True
S6_mom3m,T1_p75,P2,2,0.8491,6.62,-11.15,1.68,96,True
S6_mom3m,T1_p75,P3,2,0.073,1.24,-28.51,6.67,96,True
S6_mom3m,T2_rp25,P1,2,0.8736,10.54,-24.4,2.47,96,True
S6_mom3m,T2_rp25,P2,2,0.8491,6.62,-11.15,1.68,96,True
S6_mom3m,T2_rp25,P3,2,0.3715,6.28,-45.95,4.94,96,True
S6_mom3m,T2_rp50,P1,2,0.6075,5.68,-13.69,3.42,96,True
S6_mom3m,T2_rp50,P2,2,0.8491,6.62,-11.15,1.68,96,True
S6_mom3m,T2_rp50,P3,2,-0.2026,-3.44,-46.0,6.83,96,False
S6_mom3m,T2_rp75,P1,2,0.9359,6.74,-8.78,3.14,96,True
S6_mom3m,T2_rp75,P2,2,0.8491,6.62,-11.15,1.68,96,True
S6_mom3m,T2_rp75,P3,2,-0.0778,-1.32,-39.09,6.28,96,False
S6_mom3m,T1_p25,P1,3,0.5315,7.27,-20.18,2.42,96,True
S6_mom3m,T1_p25,P2,3,0.7142,6.03,-13.65,1.69,96,True
S6_mom3m,T1_p25,P3,3,-0.0158,-0.27,-37.7,4.83,96,False
S6_mom3m,T1_p50,P1,3,0.3896,4.18,-19.45,3.64,96,True
S6_mom3m,T1_p50,P2,3,0.7142,6.03,-13.65,1.69,96,True
S6_mom3m,T1_p50,P3,3,-0.381,-6.44,-53.04,7.28,96,False
S6_mom3m,T1_p75,P1,3,0.3251,2.65,-16.11,3.33,96,True
S6_mom3m,T1_p75,P2,3,0.7142,6.03,-13.65,1.69,96,True
S6_mom3m,T1_p75,P3,3,-0.5669,-9.51,-61.99,6.67,96,False
S6_mom3m,T2_rp25,P1,3,0.5971,7.86,-20.18,2.47,96,True
S6_mom3m,T2_rp25,P2,3,0.7142,6.03,-13.65,1.69,96,True
S6_mom3m,T2_rp25,P3,3,0.0543,0.92,-42.04,4.94,96,True
S6_mom3m,T2_rp50,P1,3,0.4483,4.89,-19.45,3.42,96,True
S6_mom3m,T2_rp50,P2,3,0.7142,6.03,-13.65,1.69,96,True
S6_mom3m,T2_rp50,P3,3,-0.2966,-5.02,-49.05,6.83,96,False
S6_mom3m,T2_rp75,P1,3,0.2729,2.16,-16.11,3.11,96,True
S6_mom3m,T2_rp75,P2,3,0.7142,6.03,-13.65,1.69,96,True
S6_mom3m,T2_rp75,P3,3,-0.6266,-10.48,-62.52,6.22,96,False
S6_mom3m,T1_p25,P1,6,0.7259,10.52,-25.68,2.39,96,True
S6_mom3m,T1_p25,P2,6,0.7796,6.84,-12.44,1.69,96,True
S6_mom3m,T1_p25,P3,6,0.3687,6.23,-43.19,4.78,96,True
S6_mom3m,T1_p50,P1,6,0.325,4.05,-20.53,3.61,96,True
S6_mom3m,T1_p50,P2,6,0.7796,6.84,-12.44,1.69,96,True
S6_mom3m,T1_p50,P3,6,-0.3969,-6.7,-54.48,7.22,96,False
S6_mom3m,T1_p75,P1,6,0.3504,3.78,-18.88,3.33,96,True
S6_mom3m,T1_p75,P2,6,0.7796,6.84,-12.44,1.69,96,True
S6_mom3m,T1_p75,P3,6,-0.429,-7.24,-63.53,6.67,96,False
S6_mom3m,T2_rp25,P1,6,0.5864,8.25,-25.68,2.39,96,True
S6_mom3m,T2_rp25,P2,6,0.7796,6.84,-12.44,1.69,96,True
S6_mom3m,T2_rp25,P3,6,0.0996,1.69,-43.19,4.78,96,True
S6_mom3m,T2_rp50,P1,6,0.5572,6.87,-19.42,3.39,96,True
S6_mom3m,T2_rp50,P2,6,0.7796,6.84,-12.44,1.69,96,True
S6_mom3m,T2_rp50,P3,6,-0.063,-1.07,-41.29,6.78,96,False
S6_mom3m,T2_rp75,P1,6,0.2645,2.66,-22.15,3.11,96,True
S6_mom3m,T2_rp75,P2,6,0.7796,6.84,-12.44,1.69,96,True
S6_mom3m,T2_rp75,P3,6,-0.5652,-9.48,-66.05,6.22,96,False
S7_mom6m,T1_p25,P1,0,0.5362,6.9,-19.45,1.75,96,True
S7_mom6m,T1_p25,P2,0,0.7603,5.96,-12.41,1.43,96,True
S7_mom6m,T1_p25,P3,0,-0.0587,-1.0,-39.88,3.5,96,False
S7_mom6m,T1_p50,P1,0,0.419,4.02,-12.99,3.36,96,True
S7_mom6m,T1_p50,P2,0,0.7603,5.96,-12.41,1.43,96,True
S7_mom6m,T1_p50,P3,0,-0.4008,-6.77,-50.59,6.72,96,False
S7_mom6m,T1_p75,P1,0,0.2494,1.92,-12.99,2.44,96,True
S7_mom6m,T1_p75,P2,0,0.7603,5.96,-12.41,1.43,96,True
S7_mom6m,T1_p75,P3,0,-0.6567,-10.97,-64.26,4.89,96,False
S7_mom6m,T2_rp25,P1,0,0.6914,8.34,-13.9,2.25,96,True
S7_mom6m,T2_rp25,P2,0,0.7603,5.96,-12.41,1.43,96,True
S7_mom6m,T2_rp25,P3,0,0.1108,1.88,-33.24,4.5,96,True
S7_mom6m,T2_rp50,P1,0,0.4484,4.32,-12.99,2.92,96,True
S7_mom6m,T2_rp50,P2,0,0.7603,5.96,-12.41,1.43,96,True
S7_mom6m,T2_rp50,P3,0,-0.3643,-6.16,-48.65,5.83,96,False
S7_mom6m,T2_rp75,P1,0,0.3076,2.34,-12.99,2.08,96,True
S7_mom6m,T2_rp75,P2,0,0.7603,5.96,-12.41,1.43,96,True
S7_mom6m,T2_rp75,P3,0,-0.6046,-10.12,-61.76,4.17,96,False
S7_mom6m,T1_p25,P1,1,0.6638,9.01,-21.32,1.75,96,True
S7_mom6m,T1_p25,P2,1,0.8218,6.76,-12.3,1.43,96,True
S7_mom6m,T1_p25,P3,1,0.1892,3.21,-35.82,3.5,96,True
S7_mom6m,T1_p50,P1,1,0.4201,4.67,-24.4,3.44,96,True
S7_mom6m,T1_p50,P2,1,0.8218,6.76,-12.3,1.43,96,True
S7_mom6m,T1_p50,P3,1,-0.3224,-5.46,-59.41,6.89,96,False
S7_mom6m,T1_p75,P1,1,0.169,1.58,-19.45,2.39,96,True
S7_mom6m,T1_p75,P2,1,0.8218,6.76,-12.3,1.43,96,True
S7_mom6m,T1_p75,P3,1,-0.6993,-11.65,-70.95,4.78,96,False
S7_mom6m,T2_rp25,P1,1,0.8309,10.59,-24.4,2.25,96,True
S7_mom6m,T2_rp25,P2,1,0.8218,6.76,-12.3,1.43,96,True
S7_mom6m,T2_rp25,P3,1,0.3771,6.37,-47.2,4.5,96,True
S7_mom6m,T2_rp50,P1,1,0.346,3.92,-24.4,2.92,96,True
S7_mom6m,T2_rp50,P2,1,0.8218,6.76,-12.3,1.43,96,True
S7_mom6m,T2_rp50,P3,1,-0.4123,-6.96,-63.61,5.83,96,False
S7_mom6m,T2_rp75,P1,1,0.1709,1.55,-19.45,2.06,96,True
S7_mom6m,T2_rp75,P2,1,0.8218,6.76,-12.3,1.43,96,True
S7_mom6m,T2_rp75,P3,1,-0.7022,-11.7,-71.06,4.11,96,False
S7_mom6m,T1_p25,P1,2,0.4384,5.78,-20.62,1.75,96,True
S7_mom6m,T1_p25,P2,2,0.636,5.42,-13.68,1.44,96,True
S7_mom6m,T1_p25,P3,2,-0.1916,-3.25,-53.6,3.5,96,False
S7_mom6m,T1_p50,P1,2,0.4092,4.61,-19.45,3.33,96,True
S7_mom6m,T1_p50,P2,2,0.636,5.42,-13.68,1.44,96,True
S7_mom6m,T1_p50,P3,2,-0.3304,-5.59,-51.6,6.67,96,False
S7_mom6m,T1_p75,P1,2,0.1922,1.91,-19.45,2.44,96,True
S7_mom6m,T1_p75,P2,2,0.636,5.42,-13.68,1.44,96,True
S7_mom6m,T1_p75,P3,2,-0.6572,-10.98,-65.74,4.89,96,False
S7_mom6m,T2_rp25,P1,2,0.6364,8.62,-20.62,2.25,96,True
S7_mom6m,T2_rp25,P2,2,0.636,5.42,-13.68,1.44,96,True
S7_mom6m,T2_rp25,P3,2,0.143,2.43,-42.51,4.5,96,True
S7_mom6m,T2_rp50,P1,2,0.3318,3.8,-19.45,2.92,96,True
S7_mom6m,T2_rp50,P2,2,0.636,5.42,-13.68,1.44,96,True
S7_mom6m,T2_rp50,P3,2,-0.4268,-7.2,-57.45,5.83,96,False
S7_mom6m,T2_rp75,P1,2,0.2064,2.04,-19.45,2.06,96,True
S7_mom6m,T2_rp75,P2,2,0.636,5.42,-13.68,1.44,96,True
S7_mom6m,T2_rp75,P3,2,-0.6417,-10.73,-65.05,4.11,96,False
S7_mom6m,T1_p25,P1,3,0.654,9.12,-19.45,1.72,96,True
S7_mom6m,T1_p25,P2,3,0.6804,6.11,-14.96,1.44,96,True
S7_mom6m,T1_p25,P3,3,0.203,3.45,-24.46,3.44,96,True
S7_mom6m,T1_p50,P1,3,0.3042,3.76,-21.38,3.33,96,True
S7_mom6m,T1_p50,P2,3,0.6804,6.11,-14.96,1.44,96,True
S7_mom6m,T1_p50,P3,3,-0.4313,-7.28,-47.3,6.67,96,False
S7_mom6m,T1_p75,P1,3,0.092,0.99,-19.45,2.44,96,True
S7_mom6m,T1_p75,P2,3,0.6804,6.11,-14.96,1.44,96,True
S7_mom6m,T1_p75,P3,3,-0.7727,-12.82,-67.16,4.89,96,False
S7_mom6m,T2_rp25,P1,3,0.8419,11.58,-19.45,2.25,96,True
S7_mom6m,T2_rp25,P2,3,0.6804,6.11,-14.96,1.44,96,True
S7_mom6m,T2_rp25,P3,3,0.4966,8.36,-22.84,4.5,96,True
S7_mom6m,T2_rp50,P1,3,0.3537,4.44,-21.38,2.89,96,True
S7_mom6m,T2_rp50,P2,3,0.6804,6.11,-14.96,1.44,96,True
S7_mom6m,T2_rp50,P3,3,-0.3501,-5.92,-41.26,5.78,96,False
S7_mom6m,T2_rp75,P1,3,0.0174,0.17,-19.45,2.06,96,True
S7_mom6m,T2_rp75,P2,3,0.6804,6.11,-14.96,1.44,96,True
S7_mom6m,T2_rp75,P3,3,-0.8773,-14.45,-71.2,4.11,96,False
S7_mom6m,T1_p25,P1,6,0.9322,12.91,-19.45,1.78,96,True
S7_mom6m,T1_p25,P2,6,0.8487,7.57,-14.0,1.44,96,True
S7_mom6m,T1_p25,P3,6,0.6603,11.03,-26.34,3.56,96,True
S7_mom6m,T1_p50,P1,6,0.5423,7.11,-23.44,3.33,96,True
S7_mom6m,T1_p50,P2,6,0.8487,7.57,-14.0,1.44,96,True
S7_mom6m,T1_p50,P3,6,-0.0339,-0.58,-37.76,6.67,96,False
S7_mom6m,T1_p75,P1,6,0.5835,6.64,-24.98,2.44,96,True
S7_mom6m,T1_p75,P2,6,0.8487,7.57,-14.0,1.44,96,True
S7_mom6m,T1_p75,P3,6,-0.0901,-1.53,-44.64,4.89,96,False
S7_mom6m,T2_rp25,P1,6,0.949,13.35,-19.45,2.19,96,True
S7_mom6m,T2_rp25,P2,6,0.8487,7.57,-14.0,1.44,96,True
S7_mom6m,T2_rp25,P3,6,0.7141,11.89,-26.34,4.39,96,True
S7_mom6m,T2_rp50,P1,6,0.5829,7.66,-23.44,2.89,96,True
S7_mom6m,T2_rp50,P2,6,0.8487,7.57,-14.0,1.44,96,True
S7_mom6m,T2_rp50,P3,6,0.0301,0.51,-37.76,5.78,96,True
S7_mom6m,T2_rp75,P1,6,0.4893,5.44,-24.98,2.06,96,True
S7_mom6m,T2_rp75,P2,6,0.8487,7.57,-14.0,1.44,96,True
S7_mom6m,T2_rp75,P3,6,-0.231,-3.92,-44.64,4.11,96,False
S8_accel,T1_p25,P1,0,0.8816,11.15,-15.11,6.03,96,True
S8_accel,T1_p25,P2,0,0.8681,6.67,-11.23,3.1,96,True
S8_accel,T1_p25,P3,0,0.4441,7.49,-33.94,12.06,96,True
S8_accel,T1_p50,P1,0,0.671,7.87,-19.08,8.58,96,True
S8_accel,T1_p50,P2,0,0.8681,6.67,-11.23,3.1,96,True
S8_accel,T1_p50,P3,0,0.0554,0.94,-58.02,17.17,96,True
S8_accel,T1_p75,P1,0,0.4318,3.97,-18.91,5.97,96,True
S8_accel,T1_p75,P2,0,0.8681,6.67,-11.23,3.1,96,True
S8_accel,T1_p75,P3,0,-0.406,-6.85,-64.51,11.94,96,False
S8_accel,T2_rp25,P1,0,0.8769,11.14,-15.11,5.25,96,True
S8_accel,T2_rp25,P2,0,0.8681,6.67,-11.23,3.1,96,True
S8_accel,T2_rp25,P3,0,0.443,7.47,-33.06,10.5,96,True
S8_accel,T2_rp50,P1,0,0.5436,6.36,-24.39,7.69,96,True
S8_accel,T2_rp50,P2,0,0.8681,6.67,-11.23,3.1,96,True
S8_accel,T2_rp50,P3,0,-0.1227,-2.08,-64.81,15.39,96,False
S8_accel,T2_rp75,P1,0,0.3246,2.59,-21.75,5.31,96,True
S8_accel,T2_rp75,P2,0,0.8681,6.67,-11.23,3.1,96,True
S8_accel,T2_rp75,P3,0,-0.5738,-9.62,-61.59,10.61,96,False
S8_accel,T4_zero,P1,0,0.6047,6.9,-22.61,8.64,96,True
S8_accel,T4_zero,P2,0,0.8681,6.67,-11.23,3.1,96,True
S8_accel,T4_zero,P3,0,-0.059,-1.0,-62.87,17.28,96,False
S8_accel,T1_p25,P1,1,0.3421,4.55,-34.9,6.03,96,True
S8_accel,T1_p25,P2,1,0.8121,6.32,-12.76,3.1,96,True
S8_accel,T1_p25,P3,1,-0.3368,-5.7,-60.36,12.06,96,False
S8_accel,T1_p50,P1,1,0.8174,8.75,-12.49,8.56,96,True
S8_accel,T1_p50,P2,1,0.8121,6.32,-12.76,3.1,96,True
S8_accel,T1_p50,P3,1,0.1591,2.7,-34.13,17.11,96,True
S8_accel,T1_p75,P1,1,0.5458,4.99,-12.49,5.94,96,True
S8_accel,T1_p75,P2,1,0.8121,6.32,-12.76,3.1,96,True
S8_accel,T1_p75,P3,1,-0.2852,-4.83,-48.73,11.89,96,False
S8_accel,T2_rp25,P1,1,0.5053,6.98,-34.9,5.25,96,True
S8_accel,T2_rp25,P2,1,0.8121,6.32,-12.76,3.1,96,True
S8_accel,T2_rp25,P3,1,-0.0494,-0.84,-57.27,10.5,96,False
S8_accel,T2_rp50,P1,1,0.7941,8.59,-12.49,7.67,96,True
S8_accel,T2_rp50,P2,1,0.8121,6.32,-12.76,3.1,96,True
S8_accel,T2_rp50,P3,1,0.1394,2.37,-34.13,15.33,96,True
S8_accel,T2_rp75,P1,1,0.3815,3.19,-12.49,5.28,96,True
S8_accel,T2_rp75,P2,1,0.8121,6.32,-12.76,3.1,96,True
S8_accel,T2_rp75,P3,1,-0.5006,-8.42,-62.46,10.56,96,False
S8_accel,T4_zero,P1,1,0.7668,8.2,-12.49,8.61,96,True
S8_accel,T4_zero,P2,1,0.8121,6.32,-12.76,3.1,96,True
S8_accel,T4_zero,P3,1,0.0941,1.6,-34.13,17.22,96,True
S8_accel,T1_p25,P1,2,0.8953,12.06,-13.76,6.0,96,True
S8_accel,T1_p25,P2,2,0.7878,6.31,-9.72,3.11,96,True
S8_accel,T1_p25,P3,2,0.5547,9.31,-22.17,12.0,96,True
S8_accel,T1_p50,P1,2,0.6081,6.65,-23.49,8.56,96,True
S8_accel,T1_p50,P2,2,0.7878,6.31,-9.72,3.11,96,True
S8_accel,T1_p50,P3,2,-0.088,-1.5,-49.06,17.11,96,False
S8_accel,T1_p75,P1,2,0.2036,1.85,-16.62,5.94,96,True
S8_accel,T1_p75,P2,2,0.7878,6.31,-9.72,3.11,96,True
S8_accel,T1_p75,P3,2,-0.6656,-11.11,-66.81,11.89,96,False
S8_accel,T2_rp25,P1,2,0.9215,12.52,-13.76,5.22,96,True
S8_accel,T2_rp25,P2,2,0.7878,6.31,-9.72,3.11,96,True
S8_accel,T2_rp25,P3,2,0.6116,10.24,-22.17,10.44,96,True
S8_accel,T2_rp50,P1,2,0.7026,7.75,-23.49,7.67,96,True
S8_accel,T2_rp50,P2,2,0.7878,6.31,-9.72,3.11,96,True
S8_accel,T2_rp50,P3,2,0.0416,0.71,-44.89,15.33,96,True
S8_accel,T2_rp75,P1,2,0.1412,1.22,-18.99,5.28,96,True
S8_accel,T2_rp75,P2,2,0.7878,6.31,-9.72,3.11,96,True
S8_accel,T2_rp75,P3,2,-0.7442,-12.37,-70.79,10.56,96,False
S8_accel,T4_zero,P1,2,0.5996,6.53,-23.49,8.61,96,True
S8_accel,T4_zero,P2,2,0.7878,6.31,-9.72,3.11,96,True
S8_accel,T4_zero,P3,2,-0.102,-1.73,-49.06,17.22,96,False
S8_accel,T1_p25,P1,3,0.5982,8.61,-19.42,5.97,96,True
S8_accel,T1_p25,P2,3,0.8411,6.67,-11.28,3.1,96,True
S8_accel,T1_p25,P3,3,0.1425,2.42,-44.28,11.94,96,True
S8_accel,T1_p50,P1,3,0.7721,9.1,-12.4,8.53,96,True
S8_accel,T1_p50,P2,3,0.8411,6.67,-11.28,3.1,96,True
S8_accel,T1_p50,P3,3,0.2,3.4,-36.44,17.06,96,True
S8_accel,T1_p75,P1,3,0.5319,5.32,-11.47,5.97,96,True
S8_accel,T1_p75,P2,3,0.8411,6.67,-11.28,3.1,96,True
S8_accel,T1_p75,P3,3,-0.2457,-4.17,-47.02,11.94,96,False
S8_accel,T2_rp25,P1,3,0.7058,10.26,-19.42,5.19,96,True
S8_accel,T2_rp25,P2,3,0.8411,6.67,-11.28,3.1,96,True
S8_accel,T2_rp25,P3,3,0.3383,5.72,-44.28,10.39,96,True
S8_accel,T2_rp50,P1,3,0.8055,9.52,-12.4,7.64,96,True
S8_accel,T2_rp50,P2,3,0.8411,6.67,-11.28,3.1,96,True
S8_accel,T2_rp50,P3,3,0.2502,4.24,-36.44,15.28,96,True
S8_accel,T2_rp75,P1,3,0.9267,7.6,-3.74,5.25,96,True
S8_accel,T2_rp75,P2,3,0.8411,6.67,-11.28,3.1,96,True
S8_accel,T2_rp75,P3,3,0.0231,0.39,-38.48,10.5,96,True
S8_accel,T4_zero,P1,3,0.7366,8.68,-12.4,8.58,96,True
S8_accel,T4_zero,P2,3,0.8411,6.67,-11.28,3.1,96,True
S8_accel,T4_zero,P3,3,0.1506,2.56,-36.44,17.17,96,True
S8_accel,T1_p25,P1,6,1.0518,14.46,-19.42,6.03,96,True
S8_accel,T1_p25,P2,6,1.0577,8.52,-13.22,3.11,96,True
S8_accel,T1_p25,P3,6,0.855,14.11,-29.65,12.06,96,True
S8_accel,T1_p50,P1,6,1.3596,15.99,-19.42,8.47,96,True
S8_accel,T1_p50,P2,6,1.0577,8.52,-13.22,3.11,96,True
S8_accel,T1_p50,P3,6,1.0572,17.18,-31.87,16.94,96,True
S8_accel,T1_p75,P1,6,1.1204,10.84,-7.92,5.94,96,True
S8_accel,T1_p75,P2,6,1.0577,8.52,-13.22,3.11,96,True
S8_accel,T1_p75,P3,6,0.4073,6.88,-19.83,11.89,96,True
S8_accel,T2_rp25,P1,6,0.9769,13.58,-19.42,5.19,96,True
S8_accel,T2_rp25,P2,6,1.0577,8.52,-13.22,3.11,96,True
S8_accel,T2_rp25,P3,6,0.7441,12.37,-29.65,10.39,96,True
S8_accel,T2_rp50,P1,6,1.376,16.27,-19.42,7.58,96,True
S8_accel,T2_rp50,P2,6,1.0577,8.52,-13.22,3.11,96,True
S8_accel,T2_rp50,P3,6,1.0943,17.73,-33.82,15.17,96,True
S8_accel,T2_rp75,P1,6,0.9945,7.76,-7.92,5.22,96,True
S8_accel,T2_rp75,P2,6,1.0577,8.52,-13.22,3.11,96,True
S8_accel,T2_rp75,P3,6,0.0424,0.72,-27.12,10.44,96,True
S8_accel,T4_zero,P1,6,1.3221,15.56,-19.42,8.53,96,True
S8_accel,T4_zero,P2,6,1.0577,8.52,-13.22,3.11,96,True
S8_accel,T4_zero,P3,6,0.9988,16.31,-33.82,17.06,96,True
S9_contr,T1_p25,P1,0,1.0126,9.68,-9.24,1.53,96,True
S9_contr,T1_p25,P2,0,1.0126,9.68,-9.24,1.6,96,True
S9_contr,T1_p25,P3,0,0.2684,4.55,-44.37,3.06,96,True
S9_contr,T1_p50,P1,0,1.0126,9.68,-9.24,1.53,96,True
S9_contr,T1_p50,P2,0,1.0126,9.68,-9.24,1.6,96,True
S9_contr,T1_p50,P3,0,0.2684,4.55,-44.37,3.06,96,True
S9_contr,T1_p75,P1,0,0.0,0.0,0.0,0.0,96,False
S9_contr,T1_p75,P2,0,1.0126,9.68,-9.24,1.6,96,True
S9_contr,T1_p75,P3,0,-0.8998,-14.8,-73.44,0.0,96,False
S9_contr,T2_rp25,P1,0,1.0126,9.68,-9.24,1.47,96,True
S9_contr,T2_rp25,P2,0,1.0126,9.68,-9.24,1.6,96,True
S9_contr,T2_rp25,P3,0,0.2684,4.55,-44.37,2.94,96,True
S9_contr,T2_rp50,P1,0,0.9268,8.81,-9.24,1.44,96,True
S9_contr,T2_rp50,P2,0,1.0126,9.68,-9.24,1.6,96,True
S9_contr,T2_rp50,P3,0,0.1654,2.81,-44.37,2.89,96,True
S9_contr,T2_rp75,P1,0,0.4027,2.74,-9.24,0.94,96,True
S9_contr,T2_rp75,P2,0,1.0126,9.68,-9.24,1.6,96,True
S9_contr,T2_rp75,P3,0,-0.5552,-9.32,-63.82,1.89,96,False
S9_contr,T1_p25,P1,1,0.6878,7.01,-15.78,1.53,96,True
S9_contr,T1_p25,P2,1,0.6878,7.01,-15.78,1.61,96,True
S9_contr,T1_p25,P3,1,-0.0456,-0.77,-54.02,3.06,96,False
S9_contr,T1_p50,P1,1,0.6878,7.01,-15.78,1.53,96,True
S9_contr,T1_p50,P2,1,0.6878,7.01,-15.78,1.61,96,True
S9_contr,T1_p50,P3,1,-0.0456,-0.77,-54.02,3.06,96,False
S9_contr,T1_p75,P1,1,0.0,0.0,0.0,0.0,96,False
S9_contr,T1_p75,P2,1,0.6878,7.01,-15.78,1.61,96,True
S9_contr,T1_p75,P3,1,-0.8998,-14.8,-73.44,0.0,96,False
S9_contr,T2_rp25,P1,1,0.6878,7.01,-15.78,1.47,96,True
S9_contr,T2_rp25,P2,1,0.6878,7.01,-15.78,1.61,96,True
S9_contr,T2_rp25,P3,1,-0.0456,-0.77,-54.02,2.94,96,False
S9_contr,T2_rp50,P1,1,0.6471,6.59,-15.78,1.44,96,True
S9_contr,T2_rp50,P2,1,0.6878,7.01,-15.78,1.61,96,True
S9_contr,T2_rp50,P3,1,-0.0957,-1.63,-54.02,2.89,96,False
S9_contr,T2_rp75,P1,1,0.1909,1.46,-15.78,0.94,96,True
S9_contr,T2_rp75,P2,1,0.6878,7.01,-15.78,1.61,96,True
S9_contr,T2_rp75,P3,1,-0.7143,-11.89,-65.77,1.89,96,False
S9_contr,T1_p25,P1,2,1.1063,9.86,-8.33,1.53,96,True
S9_contr,T1_p25,P2,2,1.1063,9.86,-8.33,1.61,96,True
S9_contr,T1_p25,P3,2,0.2907,4.93,-35.53,3.06,96,True
S9_contr,T1_p50,P1,2,1.1063,9.86,-8.33,1.53,96,True
S9_contr,T1_p50,P2,2,1.1063,9.86,-8.33,1.61,96,True
S9_contr,T1_p50,P3,2,0.2907,4.93,-35.53,3.06,96,True
S9_contr,T1_p75,P1,2,0.0,0.0,0.0,0.0,96,False
S9_contr,T1_p75,P2,2,1.1063,9.86,-8.33,1.61,96,True
S9_contr,T1_p75,P3,2,-0.8998,-14.8,-73.44,0.0,96,False
S9_contr,T2_rp25,P1,2,1.1063,9.86,-8.33,1.47,96,True
S9_contr,T2_rp25,P2,2,1.1063,9.86,-8.33,1.61,96,True
S9_contr,T2_rp25,P3,2,0.2907,4.93,-35.53,2.94,96,True
S9_contr,T2_rp50,P1,2,1.0912,9.74,-8.33,1.44,96,True
S9_contr,T2_rp50,P2,2,1.1063,9.86,-8.33,1.61,96,True
S9_contr,T2_rp50,P3,2,0.2756,4.67,-35.53,2.89,96,True
S9_contr,T2_rp75,P1,2,0.7069,4.84,-6.38,0.94,96,True
S9_contr,T2_rp75,P2,2,1.1063,9.86,-8.33,1.61,96,True
S9_contr,T2_rp75,P3,2,-0.3023,-5.12,-56.08,1.89,96,False
S9_contr,T1_p25,P1,3,0.6752,6.6,-17.94,1.53,96,True
S9_contr,T1_p25,P2,3,0.6752,6.6,-17.94,1.61,96,True
S9_contr,T1_p25,P3,3,-0.0943,-1.6,-59.66,3.06,96,False
S9_contr,T1_p50,P1,3,0.6752,6.6,-17.94,1.53,96,True
S9_contr,T1_p50,P2,3,0.6752,6.6,-17.94,1.61,96,True
S9_contr,T1_p50,P3,3,-0.0943,-1.6,-59.66,3.06,96,False
S9_contr,T1_p75,P1,3,0.0,0.0,0.0,0.0,96,False
S9_contr,T1_p75,P2,3,0.6752,6.6,-17.94,1.61,96,True
S9_contr,T1_p75,P3,3,-0.8998,-14.8,-73.44,0.0,96,False
S9_contr,T2_rp25,P1,3,0.6752,6.6,-17.94,1.47,96,True
S9_contr,T2_rp25,P2,3,0.6752,6.6,-17.94,1.61,96,True
S9_contr,T2_rp25,P3,3,-0.0943,-1.6,-59.66,2.94,96,False
S9_contr,T2_rp50,P1,3,0.6645,6.5,-17.94,1.44,96,True
S9_contr,T2_rp50,P2,3,0.6752,6.6,-17.94,1.61,96,True
S9_contr,T2_rp50,P3,3,-0.1065,-1.81,-59.66,2.89,96,False
S9_contr,T2_rp75,P1,3,0.04,0.29,-17.94,0.94,96,True
S9_contr,T2_rp75,P2,3,0.6752,6.6,-17.94,1.61,96,True
S9_contr,T2_rp75,P3,3,-0.8619,-14.22,-74.62,1.89,96,False
S9_contr,T1_p25,P1,6,0.9456,8.51,-8.33,1.53,96,True
S9_contr,T1_p25,P2,6,0.9456,8.51,-8.33,1.63,96,True
S9_contr,T1_p25,P3,6,0.1306,2.22,-33.25,3.06,96,True
S9_contr,T1_p50,P1,6,0.9456,8.51,-8.33,1.53,96,True
S9_contr,T1_p50,P2,6,0.9456,8.51,-8.33,1.63,96,True
S9_contr,T1_p50,P3,6,0.1306,2.22,-33.25,3.06,96,True
S9_contr,T1_p75,P1,6,0.0,0.0,0.0,0.0,96,False
S9_contr,T1_p75,P2,6,0.9456,8.51,-8.33,1.63,96,True
S9_contr,T1_p75,P3,6,-0.8998,-14.8,-73.44,0.0,96,False
S9_contr,T2_rp25,P1,6,0.9456,8.51,-8.33,1.47,96,True
S9_contr,T2_rp25,P2,6,0.9456,8.51,-8.33,1.63,96,True
S9_contr,T2_rp25,P3,6,0.1306,2.22,-33.25,2.94,96,True
S9_contr,T2_rp50,P1,6,0.9456,8.51,-8.33,1.42,96,True
S9_contr,T2_rp50,P2,6,0.9456,8.51,-8.33,1.63,96,True
S9_contr,T2_rp50,P3,6,0.1306,2.22,-33.25,2.83,96,True
S9_contr,T2_rp75,P1,6,0.792,5.02,-7.94,0.94,96,True
S9_contr,T2_rp75,P2,6,0.9456,8.51,-8.33,1.63,96,True
S9_contr,T2_rp75,P3,6,-0.2816,-4.77,-46.37,1.89,96,False
BENCHMARK,BUY_HOLD,BH,0,0.8998,14.8,-23.93,0.0,96,True
