signal,threshold,strategy,lead_days,oos_sharpe,oos_ann_return,max_drawdown,annual_turnover,oos_n,valid
spread,T1_p25,P1,0,0.6677,9.24,-24.66,21.42,2088,True
spread,T1_p25,P2,0,0.522,6.35,-22.61,13.61,2088,True
spread,T1_p25,P3,0,0.195,3.73,-47.21,42.84,2088,False
spread,T1_p50,P1,0,0.683,10.39,-24.5,20.27,2088,True
spread,T1_p50,P2,0,0.522,6.35,-22.61,13.61,2088,True
spread,T1_p50,P3,0,0.3152,6.02,-44.06,40.55,2088,False
spread,T1_p75,P1,0,0.9244,16.15,-24.5,14.08,2088,True
spread,T1_p75,P2,0,0.522,6.35,-22.61,13.61,2088,True
spread,T1_p75,P3,0,0.9191,17.54,-24.5,28.17,2088,False
spread,T2_rp25,P1,0,-0.0532,-0.54,-29.11,23.5,2088,False
spread,T2_rp25,P2,0,0.522,6.35,-22.61,13.61,2088,True
spread,T2_rp25,P3,0,-0.8292,-15.83,-80.49,47.0,2088,False
spread,T2_rp50,P1,0,0.223,2.87,-33.3,28.61,2088,False
spread,T2_rp50,P2,0,0.522,6.35,-22.61,13.61,2088,True
spread,T2_rp50,P3,0,-0.4714,-9.01,-73.89,57.21,2088,False
spread,T2_rp75,P1,0,0.4092,6.43,-26.96,28.78,2088,False
spread,T2_rp75,P2,0,0.522,6.35,-22.61,13.61,2088,True
spread,T2_rp75,P3,0,-0.0984,-1.88,-53.08,57.56,2088,False
spread,T1_p25,P1,1,0.561,7.81,-24.5,21.42,2088,True
spread,T1_p25,P2,1,0.505,6.11,-21.55,13.61,2088,True
spread,T1_p25,P3,1,0.0459,0.88,-44.93,42.84,2088,False
spread,T1_p50,P1,1,0.763,11.49,-24.5,20.27,2088,True
spread,T1_p50,P2,1,0.505,6.11,-21.55,13.61,2088,True
spread,T1_p50,P3,1,0.4311,8.24,-27.63,40.55,2088,False
spread,T1_p75,P1,1,0.9496,16.51,-24.5,14.11,2088,True
spread,T1_p75,P2,1,0.505,6.11,-21.55,13.61,2088,True
spread,T1_p75,P3,1,0.9578,18.27,-24.5,28.22,2088,False
spread,T2_rp25,P1,1,-0.008,-0.08,-24.53,23.47,2088,False
spread,T2_rp25,P2,1,0.505,6.11,-21.55,13.61,2088,True
spread,T2_rp25,P3,1,-0.7811,-14.91,-75.36,46.94,2088,False
spread,T2_rp50,P1,1,0.1811,2.32,-27.8,28.61,2088,False
spread,T2_rp50,P2,1,0.505,6.11,-21.55,13.61,2088,True
spread,T2_rp50,P3,1,-0.5291,-10.11,-73.28,57.21,2088,False
spread,T2_rp75,P1,1,0.5237,8.16,-24.5,28.78,2088,False
spread,T2_rp75,P2,1,0.505,6.11,-21.55,13.61,2088,True
spread,T2_rp75,P3,1,0.0821,1.57,-42.32,57.56,2088,False
spread,T1_p25,P1,5,0.4486,6.27,-26.82,21.42,2088,True
spread,T1_p25,P2,5,0.62,7.6,-19.21,13.61,2088,True
spread,T1_p25,P3,5,-0.1159,-2.22,-55.16,42.84,2088,False
spread,T1_p50,P1,5,0.8867,13.59,-24.5,20.27,2088,True
spread,T1_p50,P2,5,0.62,7.6,-19.21,13.61,2088,True
spread,T1_p50,P3,5,0.6503,12.42,-24.5,40.55,2088,False
spread,T1_p75,P1,5,0.9648,16.75,-24.5,14.11,2088,True
spread,T1_p75,P2,5,0.62,7.6,-19.21,13.61,2088,True
spread,T1_p75,P3,5,0.9831,18.76,-29.05,28.22,2088,False
spread,T2_rp25,P1,5,0.2776,2.77,-22.7,23.44,2088,True
spread,T2_rp25,P2,5,0.62,7.6,-19.21,13.61,2088,True
spread,T2_rp25,P3,5,-0.4818,-9.21,-69.76,46.89,2088,False
spread,T2_rp50,P1,5,0.2816,3.69,-35.53,28.61,2088,False
spread,T2_rp50,P2,5,0.62,7.6,-19.21,13.61,2088,True
spread,T2_rp50,P3,5,-0.3859,-7.37,-75.01,57.21,2088,False
spread,T2_rp75,P1,5,0.4803,7.42,-26.82,28.78,2088,False
spread,T2_rp75,P2,5,0.62,7.6,-19.21,13.61,2088,True
spread,T2_rp75,P3,5,0.005,0.1,-55.94,57.56,2088,False
spread,T1_p25,P1,10,0.3622,4.96,-25.29,21.42,2088,True
spread,T1_p25,P2,10,0.3727,4.66,-23.65,13.62,2088,True
spread,T1_p25,P3,10,-0.2523,-4.82,-49.99,42.84,2088,False
spread,T1_p50,P1,10,0.6536,10.28,-32.29,20.22,2088,True
spread,T1_p50,P2,10,0.3727,4.66,-23.65,13.62,2088,True
spread,T1_p50,P3,10,0.3041,5.81,-46.16,40.43,2088,False
spread,T1_p75,P1,10,0.8173,14.56,-26.67,14.11,2088,True
spread,T1_p75,P2,10,0.3727,4.66,-23.65,13.62,2088,True
spread,T1_p75,P3,10,0.753,14.38,-26.67,28.22,2088,False
spread,T2_rp25,P1,10,0.1598,1.55,-27.02,23.41,2088,True
spread,T2_rp25,P2,10,0.3727,4.66,-23.65,13.62,2088,True
spread,T2_rp25,P3,10,-0.6099,-11.65,-74.56,46.83,2088,False
spread,T2_rp50,P1,10,0.0033,0.04,-31.17,28.61,2088,False
spread,T2_rp50,P2,10,0.3727,4.66,-23.65,13.62,2088,True
spread,T2_rp50,P3,10,-0.768,-14.66,-79.28,57.21,2088,False
spread,T2_rp75,P1,10,0.3666,5.94,-28.62,28.78,2088,False
spread,T2_rp75,P2,10,0.3727,4.66,-23.65,13.62,2088,True
spread,T2_rp75,P3,10,-0.1499,-2.86,-49.46,57.56,2088,False
spread,T1_p25,P1,21,0.376,5.5,-23.87,21.42,2088,True
spread,T1_p25,P2,21,0.3846,5.09,-28.85,13.6,2088,True
spread,T1_p25,P3,21,-0.1963,-3.75,-47.0,42.84,2088,False
spread,T1_p50,P1,21,0.4934,8.36,-33.72,20.13,2088,True
spread,T1_p50,P2,21,0.3846,5.09,-28.85,13.6,2088,True
spread,T1_p50,P3,21,0.1032,1.97,-37.75,40.25,2088,False
spread,T1_p75,P1,21,0.6828,12.73,-33.72,14.11,2088,True
spread,T1_p75,P2,21,0.3846,5.09,-28.85,13.6,2088,True
spread,T1_p75,P3,21,0.5611,10.72,-33.72,28.22,2088,False
spread,T2_rp25,P1,21,0.2159,2.02,-19.94,23.3,2088,True
spread,T2_rp25,P2,21,0.3846,5.09,-28.85,13.6,2088,True
spread,T2_rp25,P3,21,-0.5607,-10.71,-68.99,46.59,2088,False
spread,T2_rp50,P1,21,-0.0296,-0.45,-37.13,28.58,2088,False
spread,T2_rp50,P2,21,0.3846,5.09,-28.85,13.6,2088,True
spread,T2_rp50,P3,21,-0.8199,-15.65,-80.3,57.15,2088,False
spread,T2_rp75,P1,21,0.2945,5.04,-33.72,28.75,2088,False
spread,T2_rp75,P2,21,0.3846,5.09,-28.85,13.6,2088,True
spread,T2_rp75,P3,21,-0.244,-4.66,-60.34,57.51,2088,False
spread_zscore_252d,T1_p25,P1,0,0.1663,1.77,-25.8,21.98,2088,True
spread_zscore_252d,T1_p25,P2,0,0.7393,8.6,-17.58,13.48,2088,True
spread_zscore_252d,T1_p25,P3,0,-0.5866,-11.21,-73.58,43.95,2088,False
spread_zscore_252d,T1_p50,P1,0,0.4445,6.5,-35.41,26.85,2088,False
spread_zscore_252d,T1_p50,P2,0,0.7393,8.6,-17.58,13.48,2088,True
spread_zscore_252d,T1_p50,P3,0,-0.0913,-1.75,-65.28,53.69,2088,False
spread_zscore_252d,T1_p75,P1,0,0.4354,7.01,-27.58,24.56,2088,False
spread_zscore_252d,T1_p75,P2,0,0.7393,8.6,-17.58,13.48,2088,True
spread_zscore_252d,T1_p75,P3,0,-0.0386,-0.74,-46.68,49.11,2088,False
spread_zscore_252d,T2_rp25,P1,0,0.373,3.75,-22.55,22.97,2088,True
spread_zscore_252d,T2_rp25,P2,0,0.7393,8.6,-17.58,13.48,2088,True
spread_zscore_252d,T2_rp25,P3,0,-0.3791,-7.25,-64.91,45.95,2088,False
spread_zscore_252d,T2_rp50,P1,0,0.2949,4.07,-23.16,28.78,2088,False
spread_zscore_252d,T2_rp50,P2,0,0.7393,8.6,-17.58,13.48,2088,True
spread_zscore_252d,T2_rp50,P3,0,-0.3464,-6.62,-62.74,57.56,2088,False
spread_zscore_252d,T2_rp75,P1,0,0.3935,5.94,-28.8,25.97,2088,False
spread_zscore_252d,T2_rp75,P2,0,0.7393,8.6,-17.58,13.48,2088,True
spread_zscore_252d,T2_rp75,P3,0,-0.1506,-2.88,-62.97,51.93,2088,False
spread_zscore_252d,T1_p25,P1,1,0.1665,1.77,-24.48,21.98,2088,True
spread_zscore_252d,T1_p25,P2,1,0.72,8.35,-20.02,13.48,2088,True
spread_zscore_252d,T1_p25,P3,1,-0.5872,-11.22,-72.13,43.95,2088,False
spread_zscore_252d,T1_p50,P1,1,0.3315,4.79,-35.99,26.85,2088,False
spread_zscore_252d,T1_p50,P2,1,0.72,8.35,-20.02,13.48,2088,True
spread_zscore_252d,T1_p50,P3,1,-0.2703,-5.17,-65.27,53.69,2088,False
spread_zscore_252d,T1_p75,P1,1,0.5739,9.2,-24.55,24.56,2088,False
spread_zscore_252d,T1_p75,P2,1,0.72,8.35,-20.02,13.48,2088,True
spread_zscore_252d,T1_p75,P3,1,0.1907,3.64,-39.03,49.11,2088,False
spread_zscore_252d,T2_rp25,P1,1,0.2341,2.38,-19.15,22.94,2088,True
spread_zscore_252d,T2_rp25,P2,1,0.72,8.35,-20.02,13.48,2088,True
spread_zscore_252d,T2_rp25,P3,1,-0.523,-9.99,-63.83,45.89,2088,False
spread_zscore_252d,T2_rp50,P1,1,0.4795,6.56,-23.53,28.78,2088,False
spread_zscore_252d,T2_rp50,P2,1,0.72,8.35,-20.02,13.48,2088,True
spread_zscore_252d,T2_rp50,P3,1,-0.0855,-1.63,-51.74,57.56,2088,False
spread_zscore_252d,T2_rp75,P1,1,0.4502,6.82,-25.9,25.97,2088,False
spread_zscore_252d,T2_rp75,P2,1,0.72,8.35,-20.02,13.48,2088,True
spread_zscore_252d,T2_rp75,P3,1,-0.0583,-1.11,-54.36,51.93,2088,False
spread_zscore_252d,T1_p25,P1,5,0.2271,2.41,-25.31,21.98,2088,True
spread_zscore_252d,T1_p25,P2,5,0.8197,9.59,-17.17,13.48,2088,True
spread_zscore_252d,T1_p25,P3,5,-0.5194,-9.92,-72.2,43.95,2088,False
spread_zscore_252d,T1_p50,P1,5,0.4809,7.03,-33.67,26.9,2088,False
spread_zscore_252d,T1_p50,P2,5,0.8197,9.59,-17.17,13.48,2088,True
spread_zscore_252d,T1_p50,P3,5,-0.036,-0.69,-66.46,53.81,2088,False
spread_zscore_252d,T1_p75,P1,5,0.6132,9.88,-24.5,24.56,2088,False
spread_zscore_252d,T1_p75,P2,5,0.8197,9.59,-17.17,13.48,2088,True
spread_zscore_252d,T1_p75,P3,5,0.2621,5.01,-39.0,49.11,2088,False
spread_zscore_252d,T2_rp25,P1,5,0.5549,6.01,-18.76,22.91,2088,True
spread_zscore_252d,T2_rp25,P2,5,0.8197,9.59,-17.17,13.48,2088,True
spread_zscore_252d,T2_rp25,P3,5,-0.1429,-2.73,-53.63,45.83,2088,False
spread_zscore_252d,T2_rp50,P1,5,0.4146,5.72,-24.91,28.78,2088,False
spread_zscore_252d,T2_rp50,P2,5,0.8197,9.59,-17.17,13.48,2088,True
spread_zscore_252d,T2_rp50,P3,5,-0.1733,-3.31,-64.8,57.56,2088,False
spread_zscore_252d,T2_rp75,P1,5,0.5446,8.24,-29.17,25.97,2088,False
spread_zscore_252d,T2_rp75,P2,5,0.8197,9.59,-17.17,13.48,2088,True
spread_zscore_252d,T2_rp75,P3,5,0.0905,1.73,-57.08,51.93,2088,False
spread_zscore_252d,T1_p25,P1,10,0.0555,0.59,-28.06,21.92,2088,True
spread_zscore_252d,T1_p25,P2,10,0.5337,6.43,-25.72,13.48,2088,True
spread_zscore_252d,T1_p25,P3,10,-0.711,-13.58,-75.85,43.83,2088,False
spread_zscore_252d,T1_p50,P1,10,0.124,1.88,-34.75,26.9,2088,False
spread_zscore_252d,T1_p50,P2,10,0.5337,6.43,-25.72,13.48,2088,True
spread_zscore_252d,T1_p50,P3,10,-0.5756,-11.0,-73.7,53.81,2088,False
spread_zscore_252d,T1_p75,P1,10,0.4427,7.4,-26.67,24.56,2088,False
spread_zscore_252d,T1_p75,P2,10,0.5337,6.43,-25.72,13.48,2088,True
spread_zscore_252d,T1_p75,P3,10,0.0027,0.05,-40.92,49.11,2088,False
spread_zscore_252d,T2_rp25,P1,10,0.0839,0.91,-26.18,22.89,2088,True
spread_zscore_252d,T2_rp25,P2,10,0.5337,6.43,-25.72,13.48,2088,True
spread_zscore_252d,T2_rp25,P3,10,-0.6767,-12.92,-74.56,45.77,2088,False
spread_zscore_252d,T2_rp50,P1,10,0.2592,3.8,-26.96,28.72,2088,False
spread_zscore_252d,T2_rp50,P2,10,0.5337,6.43,-25.72,13.48,2088,True
spread_zscore_252d,T2_rp50,P3,10,-0.3739,-7.15,-65.68,57.45,2088,False
spread_zscore_252d,T2_rp75,P1,10,0.3089,4.87,-26.67,25.97,2088,False
spread_zscore_252d,T2_rp75,P2,10,0.5337,6.43,-25.72,13.48,2088,True
spread_zscore_252d,T2_rp75,P3,10,-0.2622,-5.01,-56.35,51.93,2088,False
spread_zscore_252d,T1_p25,P1,21,0.0389,0.45,-25.17,21.95,2088,True
spread_zscore_252d,T1_p25,P2,21,0.4587,6.0,-30.33,13.46,2088,True
spread_zscore_252d,T1_p25,P3,21,-0.7251,-13.85,-75.72,43.89,2088,False
spread_zscore_252d,T1_p50,P1,21,0.115,1.89,-33.72,26.82,2088,False
spread_zscore_252d,T1_p50,P2,21,0.4587,6.0,-30.33,13.46,2088,True
spread_zscore_252d,T1_p50,P3,21,-0.5738,-10.96,-74.53,53.63,2088,False
spread_zscore_252d,T1_p75,P1,21,0.3514,6.16,-33.72,24.44,2088,False
spread_zscore_252d,T1_p75,P2,21,0.4587,6.0,-30.33,13.46,2088,True
spread_zscore_252d,T1_p75,P3,21,-0.127,-2.43,-54.74,48.88,2088,False
spread_zscore_252d,T2_rp25,P1,21,-0.2012,-2.64,-48.59,22.77,2088,False
spread_zscore_252d,T2_rp25,P2,21,0.4587,6.0,-30.33,13.46,2088,True
spread_zscore_252d,T2_rp25,P3,21,-1.0507,-20.04,-87.56,45.54,2088,False
spread_zscore_252d,T2_rp50,P1,21,0.1222,1.92,-33.72,28.69,2088,False
spread_zscore_252d,T2_rp50,P2,21,0.4587,6.0,-30.33,13.46,2088,True
spread_zscore_252d,T2_rp50,P3,21,-0.5707,-10.9,-73.51,57.39,2088,False
spread_zscore_252d,T2_rp75,P1,21,0.3454,5.84,-33.72,25.94,2088,False
spread_zscore_252d,T2_rp75,P2,21,0.4587,6.0,-30.33,13.46,2088,True
spread_zscore_252d,T2_rp75,P3,21,-0.1603,-3.06,-55.22,51.87,2088,False
spread_zscore_126d,T1_p25,P1,0,0.052,0.54,-28.47,29.25,2088,False
spread_zscore_126d,T1_p25,P2,0,0.7382,8.19,-17.03,14.29,2088,True
spread_zscore_126d,T1_p25,P3,0,-0.7159,-13.67,-76.24,58.5,2088,False
spread_zscore_126d,T1_p50,P1,0,0.2725,3.58,-26.12,33.07,2088,False
spread_zscore_126d,T1_p50,P2,0,0.7382,8.19,-17.03,14.29,2088,True
spread_zscore_126d,T1_p50,P3,0,-0.3968,-7.58,-65.65,66.13,2088,False
spread_zscore_126d,T1_p75,P1,0,0.4604,7.23,-28.63,29.66,2088,False
spread_zscore_126d,T1_p75,P2,0,0.7382,8.19,-17.03,14.29,2088,True
spread_zscore_126d,T1_p75,P3,0,-0.0153,-0.29,-44.75,59.33,2088,False
spread_zscore_126d,T2_rp25,P1,0,0.4998,3.93,-12.87,25.79,2088,False
spread_zscore_126d,T2_rp25,P2,0,0.7382,8.19,-17.03,14.29,2088,True
spread_zscore_126d,T2_rp25,P3,0,-0.3603,-6.89,-61.75,51.58,2088,False
spread_zscore_126d,T2_rp50,P1,0,0.0867,1.14,-32.06,34.53,2088,False
spread_zscore_126d,T2_rp50,P2,0,0.7382,8.19,-17.03,14.29,2088,True
spread_zscore_126d,T2_rp50,P3,0,-0.6526,-12.46,-74.76,69.07,2088,False
spread_zscore_126d,T2_rp75,P1,0,0.5961,9.1,-27.97,30.43,2088,False
spread_zscore_126d,T2_rp75,P2,0,0.7382,8.19,-17.03,14.29,2088,True
spread_zscore_126d,T2_rp75,P3,0,0.1802,3.44,-38.84,60.85,2088,False
spread_zscore_126d,T1_p25,P1,1,0.0602,0.63,-25.0,29.25,2088,False
spread_zscore_126d,T1_p25,P2,1,0.7469,8.29,-17.91,14.29,2088,True
spread_zscore_126d,T1_p25,P3,1,-0.7062,-13.49,-72.97,58.5,2088,False
spread_zscore_126d,T1_p50,P1,1,0.3763,5.13,-23.01,33.07,2088,False
spread_zscore_126d,T1_p50,P2,1,0.7469,8.29,-17.91,14.29,2088,True
spread_zscore_126d,T1_p50,P3,1,-0.2345,-4.48,-58.23,66.13,2088,False
spread_zscore_126d,T1_p75,P1,1,0.472,7.39,-27.17,29.66,2088,False
spread_zscore_126d,T1_p75,P2,1,0.7469,8.29,-17.91,14.29,2088,True
spread_zscore_126d,T1_p75,P3,1,0.0011,0.02,-45.39,59.33,2088,False
spread_zscore_126d,T2_rp25,P1,1,0.5762,4.57,-13.63,25.79,2088,False
spread_zscore_126d,T2_rp25,P2,1,0.7469,8.29,-17.91,14.29,2088,True
spread_zscore_126d,T2_rp25,P3,1,-0.294,-5.62,-52.64,51.58,2088,False
spread_zscore_126d,T2_rp50,P1,1,0.2903,3.73,-22.73,34.53,2088,False
spread_zscore_126d,T2_rp50,P2,1,0.7469,8.29,-17.91,14.29,2088,True
spread_zscore_126d,T2_rp50,P3,1,-0.3811,-7.28,-59.55,69.07,2088,False
spread_zscore_126d,T2_rp75,P1,1,0.5291,8.05,-30.56,30.43,2088,False
spread_zscore_126d,T2_rp75,P2,1,0.7469,8.29,-17.91,14.29,2088,True
spread_zscore_126d,T2_rp75,P3,1,0.0709,1.36,-45.18,60.85,2088,False
spread_zscore_126d,T1_p25,P1,5,0.0568,0.58,-25.96,29.25,2088,False
spread_zscore_126d,T1_p25,P2,5,0.8111,9.09,-16.2,14.3,2088,True
spread_zscore_126d,T1_p25,P3,5,-0.7122,-13.6,-75.38,58.5,2088,False
spread_zscore_126d,T1_p50,P1,5,0.5583,7.68,-22.47,33.07,2088,False
spread_zscore_126d,T1_p50,P2,5,0.8111,9.09,-16.2,14.3,2088,True
spread_zscore_126d,T1_p50,P3,5,0.0315,0.6,-55.17,66.13,2088,False
spread_zscore_126d,T1_p75,P1,5,0.5318,8.36,-26.31,29.66,2088,False
spread_zscore_126d,T1_p75,P2,5,0.8111,9.09,-16.2,14.3,2088,True
spread_zscore_126d,T1_p75,P3,5,0.1029,1.97,-57.37,59.33,2088,False
spread_zscore_126d,T2_rp25,P1,5,0.172,1.33,-17.82,25.79,2088,False
spread_zscore_126d,T2_rp25,P2,5,0.8111,9.09,-16.2,14.3,2088,True
spread_zscore_126d,T2_rp25,P3,5,-0.6335,-12.1,-70.32,51.58,2088,False
spread_zscore_126d,T2_rp50,P1,5,0.5036,6.83,-21.29,34.53,2088,False
spread_zscore_126d,T2_rp50,P2,5,0.8111,9.09,-16.2,14.3,2088,True
spread_zscore_126d,T2_rp50,P3,5,-0.0566,-1.08,-46.89,69.07,2088,False
spread_zscore_126d,T2_rp75,P1,5,0.6205,9.43,-28.64,30.43,2088,False
spread_zscore_126d,T2_rp75,P2,5,0.8111,9.09,-16.2,14.3,2088,True
spread_zscore_126d,T2_rp75,P3,5,0.2154,4.12,-46.2,60.85,2088,False
spread_zscore_126d,T1_p25,P1,10,0.0986,1.02,-22.63,29.19,2088,False
spread_zscore_126d,T1_p25,P2,10,0.5591,6.43,-22.04,14.3,2088,True
spread_zscore_126d,T1_p25,P3,10,-0.6656,-12.71,-72.05,58.39,2088,False
spread_zscore_126d,T1_p50,P1,10,0.1359,1.89,-28.01,33.07,2088,False
spread_zscore_126d,T1_p50,P2,10,0.5591,6.43,-22.04,14.3,2088,True
spread_zscore_126d,T1_p50,P3,10,-0.5738,-10.96,-72.66,66.13,2088,False
spread_zscore_126d,T1_p75,P1,10,0.3363,5.42,-31.01,29.6,2088,False
spread_zscore_126d,T1_p75,P2,10,0.5591,6.43,-22.04,14.3,2088,True
spread_zscore_126d,T1_p75,P3,10,-0.2046,-3.91,-55.22,59.21,2088,False
spread_zscore_126d,T2_rp25,P1,10,0.3729,3.08,-15.11,25.73,2088,False
spread_zscore_126d,T2_rp25,P2,10,0.5591,6.43,-22.04,14.3,2088,True
spread_zscore_126d,T2_rp25,P3,10,-0.4501,-8.6,-66.33,51.46,2088,False
spread_zscore_126d,T2_rp50,P1,10,0.1142,1.62,-35.1,34.53,2088,False
spread_zscore_126d,T2_rp50,P2,10,0.5591,6.43,-22.04,14.3,2088,True
spread_zscore_126d,T2_rp50,P3,10,-0.6031,-11.52,-70.53,69.07,2088,False
spread_zscore_126d,T2_rp75,P1,10,0.3839,6.14,-27.07,30.43,2088,False
spread_zscore_126d,T2_rp75,P2,10,0.5591,6.43,-22.04,14.3,2088,True
spread_zscore_126d,T2_rp75,P3,10,-0.1297,-2.48,-47.17,60.85,2088,False
spread_zscore_126d,T1_p25,P1,21,-0.1361,-1.54,-34.33,29.28,2088,False
spread_zscore_126d,T1_p25,P2,21,0.5183,6.44,-27.55,14.3,2088,True
spread_zscore_126d,T1_p25,P3,21,-0.9348,-17.84,-82.33,58.56,2088,False
spread_zscore_126d,T1_p50,P1,21,-0.0197,-0.31,-37.54,32.98,2088,False
spread_zscore_126d,T1_p50,P2,21,0.5183,6.44,-27.55,14.3,2088,True
spread_zscore_126d,T1_p50,P3,21,-0.8051,-15.37,-81.27,65.96,2088,False
spread_zscore_126d,T1_p75,P1,21,0.3875,6.69,-33.72,29.49,2088,False
spread_zscore_126d,T1_p75,P2,21,0.5183,6.44,-27.55,14.3,2088,True
spread_zscore_126d,T1_p75,P3,21,-0.0716,-1.37,-48.15,58.97,2088,False
spread_zscore_126d,T2_rp25,P1,21,0.1568,1.32,-17.22,25.64,2088,False
spread_zscore_126d,T2_rp25,P2,21,0.5183,6.44,-27.55,14.3,2088,True
spread_zscore_126d,T2_rp25,P3,21,-0.6338,-12.11,-76.59,51.29,2088,False
spread_zscore_126d,T2_rp50,P1,21,0.1073,1.67,-33.72,34.5,2088,False
spread_zscore_126d,T2_rp50,P2,21,0.5183,6.44,-27.55,14.3,2088,True
spread_zscore_126d,T2_rp50,P3,21,-0.5974,-11.41,-71.95,69.01,2088,False
spread_zscore_126d,T2_rp75,P1,21,0.4658,7.83,-33.72,30.31,2088,False
spread_zscore_126d,T2_rp75,P2,21,0.5183,6.44,-27.55,14.3,2088,True
spread_zscore_126d,T2_rp75,P3,21,0.0473,0.9,-33.74,60.62,2088,False
spread_roc_21d,T1_p25,P1,0,0.5382,4.99,-14.41,36.23,2088,False
spread_roc_21d,T1_p25,P2,0,0.8164,9.3,-15.51,9.97,1981,True
spread_roc_21d,T1_p25,P3,0,-0.2494,-4.77,-60.49,72.47,2088,False
spread_roc_21d,T1_p50,P1,0,1.0035,12.02,-12.99,54.54,2088,False
spread_roc_21d,T1_p50,P2,0,0.8164,9.3,-15.51,9.97,1981,True
spread_roc_21d,T1_p50,P3,0,0.4863,9.29,-32.06,109.09,2088,False
spread_roc_21d,T1_p75,P1,0,1.0523,15.21,-18.07,50.61,2088,False
spread_roc_21d,T1_p75,P2,0,0.8164,9.3,-15.51,9.97,1981,True
spread_roc_21d,T1_p75,P3,0,0.8213,15.68,-21.96,101.22,2088,False
spread_roc_21d,T2_rp25,P1,0,0.7636,7.03,-12.93,40.22,2088,False
spread_roc_21d,T2_rp25,P2,0,0.8164,9.3,-15.51,9.97,1981,True
spread_roc_21d,T2_rp25,P3,0,-0.0365,-0.7,-50.55,80.45,2088,False
spread_roc_21d,T2_rp50,P1,0,0.9484,11.27,-13.53,52.67,2088,False
spread_roc_21d,T2_rp50,P2,0,0.8164,9.3,-15.51,9.97,1981,True
spread_roc_21d,T2_rp50,P3,0,0.4078,7.79,-34.59,105.33,2088,False
spread_roc_21d,T2_rp75,P1,0,0.9795,14.5,-19.4,47.74,2088,False
spread_roc_21d,T2_rp75,P2,0,0.8164,9.3,-15.51,9.97,1981,True
spread_roc_21d,T2_rp75,P3,0,0.7465,14.25,-26.33,95.47,2088,False
spread_roc_21d,T1_p25,P1,1,0.8424,7.76,-9.65,36.21,2088,False
spread_roc_21d,T1_p25,P2,1,0.9413,10.58,-17.9,9.97,1981,True
spread_roc_21d,T1_p25,P3,1,0.0406,0.78,-44.05,72.41,2088,False
spread_roc_21d,T1_p50,P1,1,1.1268,13.04,-11.3,54.54,2088,False
spread_roc_21d,T1_p50,P2,1,0.9413,10.58,-17.9,9.97,1981,True
spread_roc_21d,T1_p50,P3,1,0.5936,11.34,-24.2,109.09,2088,False
spread_roc_21d,T1_p75,P1,1,1.1603,16.46,-19.18,50.61,2088,False
spread_roc_21d,T1_p75,P2,1,0.9413,10.58,-17.9,9.97,1981,True
spread_roc_21d,T1_p75,P3,1,0.9524,18.17,-24.2,101.22,2088,False
spread_roc_21d,T2_rp25,P1,1,0.9123,7.99,-10.69,40.22,2088,False
spread_roc_21d,T2_rp25,P2,1,0.9413,10.58,-17.9,9.97,1981,True
spread_roc_21d,T2_rp25,P3,1,0.0643,1.23,-40.33,80.45,2088,False
spread_roc_21d,T2_rp50,P1,1,1.0943,12.65,-12.31,52.67,2088,False
spread_roc_21d,T2_rp50,P2,1,0.9413,10.58,-17.9,9.97,1981,True
spread_roc_21d,T2_rp50,P3,1,0.5519,10.54,-27.17,105.33,2088,False
spread_roc_21d,T2_rp75,P1,1,1.0466,15.3,-21.31,47.74,2088,False
spread_roc_21d,T2_rp75,P2,1,0.9413,10.58,-17.9,9.97,1981,True
spread_roc_21d,T2_rp75,P3,1,0.8301,15.85,-31.96,95.47,2088,False
spread_roc_21d,T1_p25,P1,5,0.9515,8.49,-13.18,36.0,2088,False
spread_roc_21d,T1_p25,P2,5,0.9661,11.04,-14.71,9.97,1981,True
spread_roc_21d,T1_p25,P3,5,0.1164,2.23,-48.3,72.0,2088,False
spread_roc_21d,T1_p50,P1,5,1.0438,11.61,-19.06,54.43,2088,False
spread_roc_21d,T1_p50,P2,5,0.9661,11.04,-14.71,9.97,1981,True
spread_roc_21d,T1_p50,P3,5,0.4434,8.47,-40.22,108.85,2088,False
spread_roc_21d,T1_p75,P1,5,1.0845,15.26,-17.87,50.61,2088,False
spread_roc_21d,T1_p75,P2,5,0.9661,11.04,-14.71,9.97,1981,True
spread_roc_21d,T1_p75,P3,5,0.8264,15.78,-25.74,101.22,2088,False
spread_roc_21d,T2_rp25,P1,5,0.8558,7.42,-22.95,40.22,2088,False
spread_roc_21d,T2_rp25,P2,5,0.9661,11.04,-14.71,9.97,1981,True
spread_roc_21d,T2_rp25,P3,5,0.0051,0.1,-58.77,80.45,2088,False
spread_roc_21d,T2_rp50,P1,5,1.1018,12.46,-18.68,52.67,2088,False
spread_roc_21d,T2_rp50,P2,5,0.9661,11.04,-14.71,9.97,1981,True
spread_roc_21d,T2_rp50,P3,5,0.5326,10.17,-42.2,105.33,2088,False
spread_roc_21d,T2_rp75,P1,5,0.9854,14.14,-17.87,47.74,2088,False
spread_roc_21d,T2_rp75,P2,5,0.9661,11.04,-14.71,9.97,1981,True
spread_roc_21d,T2_rp75,P3,5,0.7089,13.54,-26.99,95.47,2088,False
spread_roc_21d,T1_p25,P1,10,1.0788,9.01,-10.1,35.97,2088,False
spread_roc_21d,T1_p25,P2,10,0.8509,9.69,-19.68,9.97,1981,True
spread_roc_21d,T1_p25,P3,10,0.1708,3.26,-36.75,71.94,2088,False
spread_roc_21d,T1_p50,P1,10,1.1606,12.14,-14.28,54.4,2088,False
spread_roc_21d,T1_p50,P2,10,0.8509,9.69,-19.68,9.97,1981,True
spread_roc_21d,T1_p50,P3,10,0.4985,9.52,-28.99,108.79,2088,False
spread_roc_21d,T1_p75,P1,10,0.9844,13.24,-18.95,50.55,2088,False
spread_roc_21d,T1_p75,P2,10,0.8509,9.69,-19.68,9.97,1981,True
spread_roc_21d,T1_p75,P3,10,0.6141,11.73,-25.37,101.11,2088,False
spread_roc_21d,T2_rp25,P1,10,0.8073,6.29,-13.58,40.2,2088,False
spread_roc_21d,T2_rp25,P2,10,0.8509,9.69,-19.68,9.97,1981,True
spread_roc_21d,T2_rp25,P3,10,-0.1138,-2.17,-60.65,80.39,2088,False
spread_roc_21d,T2_rp50,P1,10,1.1188,11.83,-14.74,52.61,2088,False
spread_roc_21d,T2_rp50,P2,10,0.8509,9.69,-19.68,9.97,1981,True
spread_roc_21d,T2_rp50,P3,10,0.4658,8.9,-25.37,105.21,2088,False
spread_roc_21d,T2_rp75,P1,10,0.8482,11.98,-18.95,47.74,2088,False
spread_roc_21d,T2_rp75,P2,10,0.8509,9.69,-19.68,9.97,1981,True
spread_roc_21d,T2_rp75,P3,10,0.482,9.21,-26.98,95.47,2088,False
spread_roc_21d,T1_p25,P1,21,0.3607,3.07,-23.83,36.03,2088,False
spread_roc_21d,T1_p25,P2,21,0.9364,10.32,-13.7,9.93,1979,True
spread_roc_21d,T1_p25,P3,21,-0.4509,-8.62,-75.05,72.06,2088,False
spread_roc_21d,T1_p50,P1,21,0.8046,8.65,-21.63,54.34,2088,False
spread_roc_21d,T1_p50,P2,21,0.9364,10.32,-13.7,9.93,1979,True
spread_roc_21d,T1_p50,P3,21,0.1334,2.55,-48.57,108.67,2088,False
spread_roc_21d,T1_p75,P1,21,0.6873,9.41,-26.12,50.46,2088,False
spread_roc_21d,T1_p75,P2,21,0.9364,10.32,-13.7,9.93,1979,True
spread_roc_21d,T1_p75,P3,21,0.2132,4.07,-41.1,100.93,2088,False
spread_roc_21d,T2_rp25,P1,21,0.2171,1.72,-28.48,40.2,2088,False
spread_roc_21d,T2_rp25,P2,21,0.9364,10.32,-13.7,9.93,1979,True
spread_roc_21d,T2_rp25,P3,21,-0.5926,-11.32,-76.95,80.39,2088,False
spread_roc_21d,T2_rp50,P1,21,0.6971,7.52,-24.29,52.52,2088,False
spread_roc_21d,T2_rp50,P2,21,0.9364,10.32,-13.7,9.93,1979,True
spread_roc_21d,T2_rp50,P3,21,0.0152,0.29,-58.77,105.04,2088,False
spread_roc_21d,T2_rp75,P1,21,0.4904,6.97,-29.32,47.71,2088,False
spread_roc_21d,T2_rp75,P2,21,0.9364,10.32,-13.7,9.93,1979,True
spread_roc_21d,T2_rp75,P3,21,-0.0424,-0.81,-51.5,95.41,2088,False
spread_roc_63d,T1_p25,P1,0,0.5779,5.66,-17.58,34.47,2088,False
spread_roc_63d,T1_p25,P2,0,0.6344,7.1,-17.28,9.16,1979,True
spread_roc_63d,T1_p25,P3,0,-0.1791,-3.42,-55.17,68.95,2088,False
spread_roc_63d,T1_p50,P1,0,0.6051,7.54,-14.31,48.73,2088,False
spread_roc_63d,T1_p50,P2,0,0.6344,7.1,-17.28,9.16,1979,True
spread_roc_63d,T1_p50,P3,0,0.0168,0.32,-50.34,97.47,2088,False
spread_roc_63d,T1_p75,P1,0,0.751,11.11,-20.04,41.99,2088,False
spread_roc_63d,T1_p75,P2,0,0.6344,7.1,-17.28,9.16,1979,True
spread_roc_63d,T1_p75,P3,0,0.3913,7.48,-35.43,83.97,2088,False
spread_roc_63d,T2_rp25,P1,0,0.2039,1.74,-17.37,33.83,2088,False
spread_roc_63d,T2_rp25,P2,0,0.6344,7.1,-17.28,9.16,1979,True
spread_roc_63d,T2_rp25,P3,0,-0.5898,-11.27,-68.12,67.66,2088,False
spread_roc_63d,T2_rp50,P1,0,0.5093,5.75,-13.13,49.03,2088,False
spread_roc_63d,T2_rp50,P2,0,0.6344,7.1,-17.28,9.16,1979,True
spread_roc_63d,T2_rp50,P3,0,-0.1696,-3.24,-57.62,98.05,2088,False
spread_roc_63d,T2_rp75,P1,0,0.9055,12.95,-20.38,38.35,2088,False
spread_roc_63d,T2_rp75,P2,0,0.6344,7.1,-17.28,9.16,1979,True
spread_roc_63d,T2_rp75,P3,0,0.5838,11.15,-30.81,76.69,2088,False
spread_roc_63d,T1_p25,P1,1,0.615,6.19,-15.91,34.39,2088,False
spread_roc_63d,T1_p25,P2,1,0.6045,6.76,-18.58,9.16,1979,True
spread_roc_63d,T1_p25,P3,1,-0.1242,-2.37,-56.24,68.77,2088,False
spread_roc_63d,T1_p50,P1,1,0.5584,7.03,-20.16,48.73,2088,False
spread_roc_63d,T1_p50,P2,1,0.6045,6.76,-18.58,9.16,1979,True
spread_roc_63d,T1_p50,P3,1,-0.0362,-0.69,-50.25,97.47,2088,False
spread_roc_63d,T1_p75,P1,1,0.6681,9.92,-19.57,41.99,2088,False
spread_roc_63d,T1_p75,P2,1,0.6045,6.76,-18.58,9.16,1979,True
spread_roc_63d,T1_p75,P3,1,0.2663,5.09,-28.69,83.97,2088,False
spread_roc_63d,T2_rp25,P1,1,0.1167,1.04,-21.18,33.83,2088,False
spread_roc_63d,T2_rp25,P2,1,0.6045,6.76,-18.58,9.16,1979,True
spread_roc_63d,T2_rp25,P3,1,-0.6629,-12.66,-75.36,67.66,2088,False
spread_roc_63d,T2_rp50,P1,1,0.5506,6.4,-20.16,49.03,2088,False
spread_roc_63d,T2_rp50,P2,1,0.6045,6.76,-18.58,9.16,1979,True
spread_roc_63d,T2_rp50,P3,1,-0.102,-1.95,-53.02,98.05,2088,False
spread_roc_63d,T2_rp75,P1,1,0.7188,10.31,-20.6,38.35,2088,False
spread_roc_63d,T2_rp75,P2,1,0.6045,6.76,-18.58,9.16,1979,True
spread_roc_63d,T2_rp75,P3,1,0.3076,5.88,-28.22,76.69,2088,False
spread_roc_63d,T1_p25,P1,5,0.963,9.31,-13.25,34.3,2088,False
spread_roc_63d,T1_p25,P2,5,0.9222,10.28,-16.54,9.16,1979,True
spread_roc_63d,T1_p25,P3,5,0.2021,3.86,-42.12,68.6,2088,False
spread_roc_63d,T1_p50,P1,5,1.2134,15.18,-16.91,48.79,2088,False
spread_roc_63d,T1_p50,P2,5,0.9222,10.28,-16.54,9.16,1979,True
spread_roc_63d,T1_p50,P3,5,0.8179,15.61,-20.29,97.58,2088,False
spread_roc_63d,T1_p75,P1,5,0.9946,14.76,-19.84,41.93,2088,False
spread_roc_63d,T1_p75,P2,5,0.9222,10.28,-16.54,9.16,1979,True
spread_roc_63d,T1_p75,P3,5,0.7731,14.76,-24.02,83.85,2088,False
spread_roc_63d,T2_rp25,P1,5,0.7206,6.01,-12.77,33.83,2088,False
spread_roc_63d,T2_rp25,P2,5,0.9222,10.28,-16.54,9.16,1979,True
spread_roc_63d,T2_rp25,P3,5,-0.1425,-2.72,-53.62,67.66,2088,False
spread_roc_63d,T2_rp50,P1,5,1.1996,13.61,-12.76,49.03,2088,False
spread_roc_63d,T2_rp50,P2,5,0.9222,10.28,-16.54,9.16,1979,True
spread_roc_63d,T2_rp50,P3,5,0.6528,12.47,-26.35,98.05,2088,False
spread_roc_63d,T2_rp75,P1,5,0.9928,14.38,-26.45,38.35,2088,False
spread_roc_63d,T2_rp75,P2,5,0.9222,10.28,-16.54,9.16,1979,True
spread_roc_63d,T2_rp75,P3,5,0.7341,14.02,-35.62,76.69,2088,False
spread_roc_63d,T1_p25,P1,10,1.0031,10.75,-12.72,34.27,2088,False
spread_roc_63d,T1_p25,P2,10,0.708,7.76,-15.92,9.16,1979,True
spread_roc_63d,T1_p25,P3,10,0.3527,6.74,-30.74,68.54,2088,False
spread_roc_63d,T1_p50,P1,10,1.0191,12.94,-20.02,48.79,2088,False
spread_roc_63d,T1_p50,P2,10,0.708,7.76,-15.92,9.16,1979,True
spread_roc_63d,T1_p50,P3,10,0.5824,11.13,-27.4,97.58,2088,False
spread_roc_63d,T1_p75,P1,10,0.8336,12.01,-25.31,41.93,2088,False
spread_roc_63d,T1_p75,P2,10,0.708,7.76,-15.92,9.16,1979,True
spread_roc_63d,T1_p75,P3,10,0.485,9.27,-33.56,83.85,2088,False
spread_roc_63d,T2_rp25,P1,10,0.7147,6.58,-12.59,33.83,2088,False
spread_roc_63d,T2_rp25,P2,10,0.708,7.76,-15.92,9.16,1979,True
spread_roc_63d,T2_rp25,P3,10,-0.0836,-1.6,-48.01,67.66,2088,False
spread_roc_63d,T2_rp50,P1,10,1.1707,13.66,-14.48,49.03,2088,False
spread_roc_63d,T2_rp50,P2,10,0.708,7.76,-15.92,9.16,1979,True
spread_roc_63d,T2_rp50,P3,10,0.6582,12.57,-27.38,98.05,2088,False
spread_roc_63d,T2_rp75,P1,10,0.793,11.5,-23.13,38.35,2088,False
spread_roc_63d,T2_rp75,P2,10,0.708,7.76,-15.92,9.16,1979,True
spread_roc_63d,T2_rp75,P3,10,0.4317,8.25,-28.69,76.69,2088,False
spread_roc_63d,T1_p25,P1,21,0.6505,6.95,-18.81,34.27,2088,False
spread_roc_63d,T1_p25,P2,21,0.8236,9.27,-17.94,9.17,1979,True
spread_roc_63d,T1_p25,P3,21,-0.0448,-0.86,-58.14,68.54,2088,False
spread_roc_63d,T1_p50,P1,21,0.8777,11.95,-19.74,48.67,2088,False
spread_roc_63d,T1_p50,P2,21,0.8236,9.27,-17.94,9.17,1979,True
spread_roc_63d,T1_p50,P3,21,0.4793,9.16,-38.39,97.35,2088,False
spread_roc_63d,T1_p75,P1,21,1.0188,15.36,-20.8,41.93,2088,False
spread_roc_63d,T1_p75,P2,21,0.8236,9.27,-17.94,9.17,1979,True
spread_roc_63d,T1_p75,P3,21,0.8364,15.97,-29.63,83.85,2088,False
spread_roc_63d,T2_rp25,P1,21,0.4322,4.35,-17.95,33.8,2088,False
spread_roc_63d,T2_rp25,P2,21,0.8236,9.27,-17.94,9.17,1979,True
spread_roc_63d,T2_rp25,P3,21,-0.3162,-6.04,-68.72,67.6,2088,False
spread_roc_63d,T2_rp50,P1,21,0.7543,9.62,-19.24,48.97,2088,False
spread_roc_63d,T2_rp50,P2,21,0.8236,9.27,-17.94,9.17,1979,True
spread_roc_63d,T2_rp50,P3,21,0.235,4.49,-42.65,97.94,2088,False
spread_roc_63d,T2_rp75,P1,21,0.7519,11.65,-24.4,38.35,2088,False
spread_roc_63d,T2_rp75,P2,21,0.8236,9.27,-17.94,9.17,1979,True
spread_roc_63d,T2_rp75,P3,21,0.4475,8.55,-28.31,76.69,2088,False
spread_mom_21d,T1_p25,P1,0,-0.0648,-0.57,-30.39,32.95,2088,False
spread_mom_21d,T1_p25,P2,0,0.593,6.02,-24.29,16.69,2088,True
spread_mom_21d,T1_p25,P3,0,-0.8325,-15.89,-84.44,65.9,2088,False
spread_mom_21d,T1_p50,P1,0,0.1469,1.76,-32.12,50.9,2088,False
spread_mom_21d,T1_p50,P2,0,0.593,6.02,-24.29,16.69,2088,True
spread_mom_21d,T1_p50,P3,0,-0.5882,-11.24,-72.18,101.81,2088,False
spread_mom_21d,T1_p75,P1,0,0.6779,10.22,-30.23,34.0,2088,False
spread_mom_21d,T1_p75,P2,0,0.593,6.02,-24.29,16.69,2088,True
spread_mom_21d,T1_p75,P3,0,0.2981,5.7,-44.38,68.01,2088,False
spread_mom_21d,T2_rp25,P1,0,0.0342,0.31,-31.44,33.83,2088,False
spread_mom_21d,T2_rp25,P2,0,0.593,6.02,-24.29,16.69,2088,True
spread_mom_21d,T2_rp25,P3,0,-0.7399,-14.13,-79.53,67.66,2088,False
spread_mom_21d,T2_rp50,P1,0,0.6409,7.81,-32.12,48.79,2088,False
spread_mom_21d,T2_rp50,P2,0,0.593,6.02,-24.29,16.69,2088,True
spread_mom_21d,T2_rp50,P3,0,0.0457,0.87,-48.88,97.58,2088,False
spread_mom_21d,T2_rp75,P1,0,0.7792,11.84,-25.82,39.11,2088,False
spread_mom_21d,T2_rp75,P2,0,0.593,6.02,-24.29,16.69,2088,True
spread_mom_21d,T2_rp75,P3,0,0.4674,8.93,-31.86,78.22,2088,False
spread_mom_21d,T1_p25,P1,1,0.0698,0.62,-29.87,32.95,2088,False
spread_mom_21d,T1_p25,P2,1,0.5887,5.96,-22.16,16.69,2088,True
spread_mom_21d,T1_p25,P3,1,-0.7079,-13.52,-81.32,65.9,2088,False
spread_mom_21d,T1_p50,P1,1,0.1001,1.21,-28.86,50.9,2088,False
spread_mom_21d,T1_p50,P2,1,0.5887,5.96,-22.16,16.69,2088,True
spread_mom_21d,T1_p50,P3,1,-0.6452,-12.32,-72.42,101.81,2088,False
spread_mom_21d,T1_p75,P1,1,0.6948,10.73,-27.89,34.42,2088,False
spread_mom_21d,T1_p75,P2,1,0.5887,5.96,-22.16,16.69,2088,True
spread_mom_21d,T1_p75,P3,1,0.3514,6.72,-39.81,68.83,2088,False
spread_mom_21d,T2_rp25,P1,1,0.2294,2.07,-30.41,33.83,2088,False
spread_mom_21d,T2_rp25,P2,1,0.5887,5.96,-22.16,16.69,2088,True
spread_mom_21d,T2_rp25,P3,1,-0.5559,-10.62,-74.18,67.66,2088,False
spread_mom_21d,T2_rp50,P1,1,0.4597,5.65,-28.86,48.79,2088,False
spread_mom_21d,T2_rp50,P2,1,0.5887,5.96,-22.16,16.69,2088,True
spread_mom_21d,T2_rp50,P3,1,-0.1805,-3.45,-47.87,97.58,2088,False
spread_mom_21d,T2_rp75,P1,1,0.7368,11.39,-27.32,39.11,2088,False
spread_mom_21d,T2_rp75,P2,1,0.5887,5.96,-22.16,16.69,2088,True
spread_mom_21d,T2_rp75,P3,1,0.4199,8.02,-34.31,78.22,2088,False
spread_mom_21d,T1_p25,P1,5,0.3054,2.69,-19.15,32.89,2088,False
spread_mom_21d,T1_p25,P2,5,0.7503,7.59,-20.08,16.69,2088,True
spread_mom_21d,T1_p25,P3,5,-0.4906,-9.37,-65.31,65.78,2088,False
spread_mom_21d,T1_p50,P1,5,0.1229,1.51,-31.02,50.9,2088,False
spread_mom_21d,T1_p50,P2,5,0.7503,7.59,-20.08,16.69,2088,True
spread_mom_21d,T1_p50,P3,5,-0.6138,-11.72,-74.48,101.81,2088,False
spread_mom_21d,T1_p75,P1,5,0.941,14.61,-20.4,34.42,2088,False
spread_mom_21d,T1_p75,P2,5,0.7503,7.59,-20.08,16.69,2088,True
spread_mom_21d,T1_p75,P3,5,0.7577,14.47,-21.6,68.83,2088,False
spread_mom_21d,T2_rp25,P1,5,0.15,1.34,-23.02,33.77,2088,False
spread_mom_21d,T2_rp25,P2,5,0.7503,7.59,-20.08,16.69,2088,True
spread_mom_21d,T2_rp25,P3,5,-0.6323,-12.08,-71.19,67.54,2088,False
spread_mom_21d,T2_rp50,P1,5,0.4385,5.47,-25.47,48.79,2088,False
spread_mom_21d,T2_rp50,P2,5,0.7503,7.59,-20.08,16.69,2088,True
spread_mom_21d,T2_rp50,P3,5,-0.199,-3.8,-59.95,97.58,2088,False
spread_mom_21d,T2_rp75,P1,5,0.8195,12.77,-21.63,39.11,2088,False
spread_mom_21d,T2_rp75,P2,5,0.7503,7.59,-20.08,16.69,2088,True
spread_mom_21d,T2_rp75,P3,5,0.5646,10.79,-25.62,78.22,2088,False
spread_mom_21d,T1_p25,P1,10,0.1491,1.28,-18.04,32.86,2088,False
spread_mom_21d,T1_p25,P2,10,0.6399,6.3,-17.6,16.69,2088,True
spread_mom_21d,T1_p25,P3,10,-0.6386,-12.2,-72.5,65.72,2088,False
spread_mom_21d,T1_p50,P1,10,0.3892,4.5,-24.04,50.85,2088,False
spread_mom_21d,T1_p50,P2,10,0.6399,6.3,-17.6,16.69,2088,True
spread_mom_21d,T1_p50,P3,10,-0.301,-5.75,-56.46,101.69,2088,False
spread_mom_21d,T1_p75,P1,10,0.6095,9.6,-26.5,34.42,2088,False
spread_mom_21d,T1_p75,P2,10,0.6399,6.3,-17.6,16.69,2088,True
spread_mom_21d,T1_p75,P3,10,0.2327,4.45,-36.4,68.83,2088,False
spread_mom_21d,T2_rp25,P1,10,0.1762,1.53,-22.1,33.74,2088,False
spread_mom_21d,T2_rp25,P2,10,0.6399,6.3,-17.6,16.69,2088,True
spread_mom_21d,T2_rp25,P3,10,-0.612,-11.69,-74.02,67.48,2088,False
spread_mom_21d,T2_rp50,P1,10,0.5203,6.17,-24.04,48.73,2088,False
spread_mom_21d,T2_rp50,P2,10,0.6399,6.3,-17.6,16.69,2088,True
spread_mom_21d,T2_rp50,P3,10,-0.1259,-2.41,-52.35,97.47,2088,False
spread_mom_21d,T2_rp75,P1,10,0.631,9.94,-23.96,39.11,2088,False
spread_mom_21d,T2_rp75,P2,10,0.6399,6.3,-17.6,16.69,2088,True
spread_mom_21d,T2_rp75,P3,10,0.2679,5.12,-30.6,78.22,2088,False
spread_mom_21d,T1_p25,P1,21,0.4729,3.76,-8.73,32.86,2088,False
spread_mom_21d,T1_p25,P2,21,0.7175,7.06,-16.22,16.69,2088,True
spread_mom_21d,T1_p25,P3,21,-0.3786,-7.24,-66.93,65.72,2088,False
spread_mom_21d,T1_p50,P1,21,0.7794,8.42,-20.0,50.76,2088,False
spread_mom_21d,T1_p50,P2,21,0.7175,7.06,-16.22,16.69,2088,True
spread_mom_21d,T1_p50,P3,21,0.1093,2.09,-50.6,101.52,2088,False
spread_mom_21d,T1_p75,P1,21,0.6905,11.61,-33.72,34.39,2088,False
spread_mom_21d,T1_p75,P2,21,0.7175,7.06,-16.22,16.69,2088,True
spread_mom_21d,T1_p75,P3,21,0.4437,8.48,-34.79,68.77,2088,False
spread_mom_21d,T2_rp25,P1,21,0.2726,2.25,-16.21,33.74,2088,False
spread_mom_21d,T2_rp25,P2,21,0.7175,7.06,-16.22,16.69,2088,True
spread_mom_21d,T2_rp25,P3,21,-0.5368,-10.25,-76.38,67.48,2088,False
spread_mom_21d,T2_rp50,P1,21,0.9296,10.5,-15.65,48.65,2088,False
spread_mom_21d,T2_rp50,P2,21,0.7175,7.06,-16.22,16.69,2088,True
spread_mom_21d,T2_rp50,P3,21,0.3265,6.24,-28.92,97.29,2088,False
spread_mom_21d,T2_rp75,P1,21,0.5799,9.51,-33.72,39.08,2088,False
spread_mom_21d,T2_rp75,P2,21,0.7175,7.06,-16.22,16.69,2088,True
spread_mom_21d,T2_rp75,P3,21,0.2236,4.27,-36.07,78.16,2088,False
spread_mom_63d,T1_p25,P1,0,0.1318,1.22,-26.13,28.55,2088,False
spread_mom_63d,T1_p25,P2,0,0.7159,7.49,-21.43,15.67,2088,True
spread_mom_63d,T1_p25,P3,0,-0.6445,-12.31,-76.72,57.1,2088,False
spread_mom_63d,T1_p50,P1,0,0.4947,6.15,-29.67,42.16,2088,False
spread_mom_63d,T1_p50,P2,0,0.7159,7.49,-21.43,15.67,2088,True
spread_mom_63d,T1_p50,P3,0,-0.1284,-2.45,-60.59,84.32,2088,False
spread_mom_63d,T1_p75,P1,0,0.8511,12.95,-28.59,29.43,2088,False
spread_mom_63d,T1_p75,P2,0,0.7159,7.49,-21.43,15.67,2088,True
spread_mom_63d,T1_p75,P3,0,0.5839,11.15,-35.83,58.86,2088,False
spread_mom_63d,T2_rp25,P1,0,0.1332,1.09,-17.95,32.6,2088,False
spread_mom_63d,T2_rp25,P2,0,0.7159,7.49,-21.43,15.67,2088,True
spread_mom_63d,T2_rp25,P3,0,-0.6582,-12.57,-72.65,65.19,2088,False
spread_mom_63d,T2_rp50,P1,0,0.5916,7.1,-28.14,38.99,2088,False
spread_mom_63d,T2_rp50,P2,0,0.7159,7.49,-21.43,15.67,2088,True
spread_mom_63d,T2_rp50,P3,0,-0.0287,-0.55,-53.33,77.99,2088,False
spread_mom_63d,T2_rp75,P1,0,0.6582,9.9,-28.5,33.01,2088,False
spread_mom_63d,T2_rp75,P2,0,0.7159,7.49,-21.43,15.67,2088,True
spread_mom_63d,T2_rp75,P3,0,0.2637,5.04,-36.59,66.01,2088,False
spread_mom_63d,T1_p25,P1,1,0.2076,1.88,-27.98,28.55,2088,False
spread_mom_63d,T1_p25,P2,1,0.6634,6.95,-21.17,15.67,2088,True
spread_mom_63d,T1_p25,P3,1,-0.5754,-10.99,-76.74,57.1,2088,False
spread_mom_63d,T1_p50,P1,1,0.4399,5.52,-24.69,42.16,2088,False
spread_mom_63d,T1_p50,P2,1,0.6634,6.95,-21.17,15.67,2088,True
spread_mom_63d,T1_p50,P3,1,-0.1939,-3.71,-53.09,84.32,2088,False
spread_mom_63d,T1_p75,P1,1,0.6977,10.5,-25.73,29.43,2088,False
spread_mom_63d,T1_p75,P2,1,0.6634,6.95,-21.17,15.67,2088,True
spread_mom_63d,T1_p75,P3,1,0.3267,6.24,-31.38,58.86,2088,False
spread_mom_63d,T2_rp25,P1,1,0.3491,2.99,-16.59,32.6,2088,False
spread_mom_63d,T2_rp25,P2,1,0.6634,6.95,-21.17,15.67,2088,True
spread_mom_63d,T2_rp25,P3,1,-0.4595,-8.78,-68.28,65.19,2088,False
spread_mom_63d,T2_rp50,P1,1,0.6085,7.19,-29.99,38.99,2088,False
spread_mom_63d,T2_rp50,P2,1,0.6634,6.95,-21.17,15.67,2088,True
spread_mom_63d,T2_rp50,P3,1,-0.0197,-0.38,-47.27,77.99,2088,False
spread_mom_63d,T2_rp75,P1,1,0.7507,11.5,-24.91,33.01,2088,False
spread_mom_63d,T2_rp75,P2,1,0.6634,6.95,-21.17,15.67,2088,True
spread_mom_63d,T2_rp75,P3,1,0.4318,8.25,-31.83,66.01,2088,False
spread_mom_63d,T1_p25,P1,5,0.3184,2.88,-19.45,28.55,2088,False
spread_mom_63d,T1_p25,P2,5,0.84,8.92,-19.69,15.67,2088,True
spread_mom_63d,T1_p25,P3,5,-0.4704,-8.99,-70.36,57.1,2088,False
spread_mom_63d,T1_p50,P1,5,0.634,7.86,-29.65,42.16,2088,False
spread_mom_63d,T1_p50,P2,5,0.84,8.92,-19.69,15.67,2088,True
spread_mom_63d,T1_p50,P3,5,0.0509,0.97,-53.41,84.32,2088,False
spread_mom_63d,T1_p75,P1,5,0.8346,12.9,-27.03,29.43,2088,False
spread_mom_63d,T1_p75,P2,5,0.84,8.92,-19.69,15.67,2088,True
spread_mom_63d,T1_p75,P3,5,0.5784,11.05,-37.23,58.86,2088,False
spread_mom_63d,T2_rp25,P1,5,0.3604,3.17,-18.94,32.6,2088,False
spread_mom_63d,T2_rp25,P2,5,0.84,8.92,-19.69,15.67,2088,True
spread_mom_63d,T2_rp25,P3,5,-0.4407,-8.42,-60.65,65.19,2088,False
spread_mom_63d,T2_rp50,P1,5,0.7433,8.85,-27.56,38.99,2088,False
spread_mom_63d,T2_rp50,P2,5,0.84,8.92,-19.69,15.67,2088,True
spread_mom_63d,T2_rp50,P3,5,0.1546,2.95,-42.19,77.99,2088,False
spread_mom_63d,T2_rp75,P1,5,0.7502,11.39,-27.55,33.01,2088,False
spread_mom_63d,T2_rp75,P2,5,0.84,8.92,-19.69,15.67,2088,True
spread_mom_63d,T2_rp75,P3,5,0.4205,8.04,-34.15,66.01,2088,False
spread_mom_63d,T1_p25,P1,10,0.3558,3.2,-18.38,28.55,2088,False
spread_mom_63d,T1_p25,P2,10,0.6053,6.42,-24.16,15.68,2088,True
spread_mom_63d,T1_p25,P3,10,-0.4375,-8.36,-65.76,57.1,2088,False
spread_mom_63d,T1_p50,P1,10,0.6025,7.13,-20.12,42.16,2088,False
spread_mom_63d,T1_p50,P2,10,0.6053,6.42,-24.16,15.68,2088,True
spread_mom_63d,T1_p50,P3,10,-0.0262,-0.5,-43.06,84.32,2088,False
spread_mom_63d,T1_p75,P1,10,0.3273,5.1,-35.83,29.43,2088,False
spread_mom_63d,T1_p75,P2,10,0.6053,6.42,-24.16,15.68,2088,True
spread_mom_63d,T1_p75,P3,10,-0.2383,-4.56,-57.08,58.86,2088,False
spread_mom_63d,T2_rp25,P1,10,0.3991,3.49,-20.85,32.57,2088,False
spread_mom_63d,T2_rp25,P2,10,0.6053,6.42,-24.16,15.68,2088,True
spread_mom_63d,T2_rp25,P3,10,-0.4062,-7.76,-64.12,65.13,2088,False
spread_mom_63d,T2_rp50,P1,10,0.6818,7.91,-21.63,38.99,2088,False
spread_mom_63d,T2_rp50,P2,10,0.6053,6.42,-24.16,15.68,2088,True
spread_mom_63d,T2_rp50,P3,10,0.0562,1.07,-32.7,77.99,2088,False
spread_mom_63d,T2_rp75,P1,10,0.6337,9.98,-31.05,33.01,2088,False
spread_mom_63d,T2_rp75,P2,10,0.6053,6.42,-24.16,15.68,2088,True
spread_mom_63d,T2_rp75,P3,10,0.2722,5.2,-40.86,66.01,2088,False
spread_mom_63d,T1_p25,P1,21,-0.0229,-0.24,-22.41,28.78,2088,False
spread_mom_63d,T1_p25,P2,21,0.6234,6.9,-19.52,15.67,2088,True
spread_mom_63d,T1_p25,P3,21,-0.7975,-15.23,-77.65,57.56,2088,False
spread_mom_63d,T1_p50,P1,21,0.2968,3.82,-24.34,42.16,2088,False
spread_mom_63d,T1_p50,P2,21,0.6234,6.9,-19.52,15.67,2088,True
spread_mom_63d,T1_p50,P3,21,-0.3725,-7.12,-62.17,84.32,2088,False
spread_mom_63d,T1_p75,P1,21,0.4789,8.18,-33.72,29.43,2088,False
spread_mom_63d,T1_p75,P2,21,0.6234,6.9,-19.52,15.67,2088,True
spread_mom_63d,T1_p75,P3,21,0.0843,1.61,-42.95,58.86,2088,False
spread_mom_63d,T2_rp25,P1,21,0.019,0.19,-21.47,32.39,2088,False
spread_mom_63d,T2_rp25,P2,21,0.6234,6.9,-19.52,15.67,2088,True
spread_mom_63d,T2_rp25,P3,21,-0.7526,-14.37,-76.52,64.78,2088,False
spread_mom_63d,T2_rp50,P1,21,0.2518,3.34,-21.92,38.99,2088,False
spread_mom_63d,T2_rp50,P2,21,0.6234,6.9,-19.52,15.67,2088,True
spread_mom_63d,T2_rp50,P3,21,-0.4226,-8.08,-64.38,77.99,2088,False
spread_mom_63d,T2_rp75,P1,21,0.4622,7.76,-34.39,33.01,2088,False
spread_mom_63d,T2_rp75,P2,21,0.6234,6.9,-19.52,15.67,2088,True
spread_mom_63d,T2_rp75,P3,21,0.0397,0.76,-54.88,66.01,2088,False
spread_pctrank_252d,T1_p25,P1,0,-0.0773,-0.79,-31.19,23.5,2088,False
spread_pctrank_252d,T1_p25,P2,0,0.4681,5.41,-24.68,24.5,2088,False
spread_pctrank_252d,T1_p25,P3,0,-0.8556,-16.33,-80.82,47.0,2088,False
spread_pctrank_252d,T1_p50,P1,0,0.3207,4.53,-31.93,29.19,2088,False
spread_pctrank_252d,T1_p50,P2,0,0.4681,5.41,-24.68,24.5,2088,False
spread_pctrank_252d,T1_p50,P3,0,-0.2979,-5.69,-66.83,58.39,2088,False
spread_pctrank_252d,T1_p75,P1,0,0.544,8.81,-24.66,27.61,2088,False
spread_pctrank_252d,T1_p75,P2,0,0.4681,5.41,-24.68,24.5,2088,False
spread_pctrank_252d,T1_p75,P3,0,0.1499,2.87,-41.58,55.22,2088,False
spread_pctrank_252d,T2_rp25,P1,0,0.2227,2.28,-27.78,24.21,2088,False
spread_pctrank_252d,T2_rp25,P2,0,0.4681,5.41,-24.68,24.5,2088,False
spread_pctrank_252d,T2_rp25,P3,0,-0.5339,-10.2,-72.89,48.41,2088,False
spread_pctrank_252d,T2_rp50,P1,0,0.3312,4.57,-26.74,30.72,2088,False
spread_pctrank_252d,T2_rp50,P2,0,0.4681,5.41,-24.68,24.5,2088,False
spread_pctrank_252d,T2_rp50,P3,0,-0.2936,-5.61,-66.05,61.44,2088,False
spread_pctrank_252d,T2_rp75,P1,0,0.4009,6.09,-28.16,29.19,2088,False
spread_pctrank_252d,T2_rp75,P2,0,0.4681,5.41,-24.68,24.5,2088,False
spread_pctrank_252d,T2_rp75,P3,0,-0.1344,-2.57,-64.34,58.39,2088,False
spread_pctrank_252d,T1_p25,P1,1,-0.0388,-0.39,-27.53,23.47,2088,False
spread_pctrank_252d,T1_p25,P2,1,0.4735,5.44,-24.3,24.5,2088,False
spread_pctrank_252d,T1_p25,P3,1,-0.8139,-15.54,-76.6,46.94,2088,False
spread_pctrank_252d,T1_p50,P1,1,0.1682,2.27,-33.23,29.19,2088,False
spread_pctrank_252d,T1_p50,P2,1,0.4735,5.44,-24.3,24.5,2088,False
spread_pctrank_252d,T1_p50,P3,1,-0.5343,-10.21,-72.63,58.39,2088,False
spread_pctrank_252d,T1_p75,P1,1,0.6012,9.72,-24.5,27.61,2088,False
spread_pctrank_252d,T1_p75,P2,1,0.4735,5.44,-24.3,24.5,2088,False
spread_pctrank_252d,T1_p75,P3,1,0.2454,4.69,-38.9,55.22,2088,False
spread_pctrank_252d,T2_rp25,P1,1,0.1228,1.25,-25.69,24.18,2088,False
spread_pctrank_252d,T2_rp25,P2,1,0.4735,5.44,-24.3,24.5,2088,False
spread_pctrank_252d,T2_rp25,P3,1,-0.6418,-12.26,-69.75,48.35,2088,False
spread_pctrank_252d,T2_rp50,P1,1,0.4183,5.77,-24.52,30.72,2088,False
spread_pctrank_252d,T2_rp50,P2,1,0.4735,5.44,-24.3,24.5,2088,False
spread_pctrank_252d,T2_rp50,P3,1,-0.1676,-3.2,-58.5,61.44,2088,False
spread_pctrank_252d,T2_rp75,P1,1,0.4322,6.62,-28.83,29.19,2088,False
spread_pctrank_252d,T2_rp75,P2,1,0.4735,5.44,-24.3,24.5,2088,False
spread_pctrank_252d,T2_rp75,P3,1,-0.0788,-1.51,-58.68,58.39,2088,False
spread_pctrank_252d,T1_p25,P1,5,0.242,2.43,-26.05,23.44,2088,True
spread_pctrank_252d,T1_p25,P2,5,0.5422,6.28,-23.34,24.49,2088,False
spread_pctrank_252d,T1_p25,P3,5,-0.5179,-9.89,-71.68,46.89,2088,False
spread_pctrank_252d,T1_p50,P1,5,0.4044,5.82,-33.27,29.19,2088,False
spread_pctrank_252d,T1_p50,P2,5,0.5422,6.28,-23.34,24.49,2088,False
spread_pctrank_252d,T1_p50,P3,5,-0.1626,-3.11,-68.4,58.39,2088,False
spread_pctrank_252d,T1_p75,P1,5,0.6495,10.49,-26.82,27.61,2088,False
spread_pctrank_252d,T1_p75,P2,5,0.5422,6.28,-23.34,24.49,2088,False
spread_pctrank_252d,T1_p75,P3,5,0.3255,6.22,-42.96,55.22,2088,False
spread_pctrank_252d,T2_rp25,P1,5,0.4586,5.05,-17.5,24.15,2088,False
spread_pctrank_252d,T2_rp25,P2,5,0.5422,6.28,-23.34,24.49,2088,False
spread_pctrank_252d,T2_rp25,P3,5,-0.2429,-4.64,-54.48,48.29,2088,False
spread_pctrank_252d,T2_rp50,P1,5,0.4271,5.93,-25.6,30.72,2088,False
spread_pctrank_252d,T2_rp50,P2,5,0.5422,6.28,-23.34,24.49,2088,False
spread_pctrank_252d,T2_rp50,P3,5,-0.1508,-2.88,-62.47,61.44,2088,False
spread_pctrank_252d,T2_rp75,P1,5,0.6054,9.26,-25.74,29.19,2088,False
spread_pctrank_252d,T2_rp75,P2,5,0.5422,6.28,-23.34,24.49,2088,False
spread_pctrank_252d,T2_rp75,P3,5,0.1972,3.77,-48.85,58.39,2088,False
spread_pctrank_252d,T1_p25,P1,10,0.236,2.3,-27.24,23.41,2088,True
spread_pctrank_252d,T1_p25,P2,10,0.3542,4.1,-23.96,24.49,2088,False
spread_pctrank_252d,T1_p25,P3,10,-0.5316,-10.16,-72.95,46.83,2088,False
spread_pctrank_252d,T1_p50,P1,10,-0.0022,-0.03,-30.71,29.19,2088,False
spread_pctrank_252d,T1_p50,P2,10,0.3542,4.1,-23.96,24.49,2088,False
spread_pctrank_252d,T1_p50,P3,10,-0.7757,-14.81,-79.64,58.39,2088,False
spread_pctrank_252d,T1_p75,P1,10,0.4323,7.23,-29.47,27.61,2088,False
spread_pctrank_252d,T1_p75,P2,10,0.3542,4.1,-23.96,24.49,2088,False
spread_pctrank_252d,T1_p75,P3,10,-0.0157,-0.3,-43.51,55.22,2088,False
spread_pctrank_252d,T2_rp25,P1,10,0.2482,2.51,-21.61,24.12,2088,False
spread_pctrank_252d,T2_rp25,P2,10,0.3542,4.1,-23.96,24.49,2088,False
spread_pctrank_252d,T2_rp25,P3,10,-0.5092,-9.73,-65.85,48.23,2088,False
spread_pctrank_252d,T2_rp50,P1,10,0.3422,5.02,-26.67,30.72,2088,False
spread_pctrank_252d,T2_rp50,P2,10,0.3542,4.1,-23.96,24.49,2088,False
spread_pctrank_252d,T2_rp50,P3,10,-0.2465,-4.71,-60.29,61.44,2088,False
spread_pctrank_252d,T2_rp75,P1,10,0.417,6.64,-26.67,29.19,2088,False
spread_pctrank_252d,T2_rp75,P2,10,0.3542,4.1,-23.96,24.49,2088,False
spread_pctrank_252d,T2_rp75,P3,10,-0.0771,-1.47,-43.36,58.39,2088,False
spread_pctrank_252d,T1_p25,P1,21,0.0411,0.38,-23.6,23.41,2088,True
spread_pctrank_252d,T1_p25,P2,21,0.2709,3.31,-22.84,24.47,2088,False
spread_pctrank_252d,T1_p25,P3,21,-0.7322,-13.98,-75.27,46.83,2088,False
spread_pctrank_252d,T1_p50,P1,21,-0.0574,-0.9,-37.02,29.16,2088,False
spread_pctrank_252d,T1_p50,P2,21,0.2709,3.31,-22.84,24.47,2088,False
spread_pctrank_252d,T1_p50,P3,21,-0.8676,-16.56,-82.45,58.33,2088,False
spread_pctrank_252d,T1_p75,P1,21,0.4352,7.65,-33.72,27.55,2088,False
spread_pctrank_252d,T1_p75,P2,21,0.2709,3.31,-22.84,24.47,2088,False
spread_pctrank_252d,T1_p75,P3,21,0.0289,0.55,-46.72,55.1,2088,False
spread_pctrank_252d,T2_rp25,P1,21,-0.2131,-2.55,-39.81,24.0,2088,False
spread_pctrank_252d,T2_rp25,P2,21,0.2709,3.31,-22.84,24.47,2088,False
spread_pctrank_252d,T2_rp25,P3,21,-1.0411,-19.86,-85.88,48.0,2088,False
spread_pctrank_252d,T2_rp50,P1,21,0.1066,1.69,-33.72,30.69,2088,False
spread_pctrank_252d,T2_rp50,P2,21,0.2709,3.31,-22.84,24.47,2088,False
spread_pctrank_252d,T2_rp50,P3,21,-0.5952,-11.37,-74.52,61.38,2088,False
spread_pctrank_252d,T2_rp75,P1,21,0.3277,5.56,-33.72,29.16,2088,False
spread_pctrank_252d,T2_rp75,P2,21,0.2709,3.31,-22.84,24.47,2088,False
spread_pctrank_252d,T2_rp75,P3,21,-0.19,-3.63,-55.84,58.33,2088,False
spread_vol_21d,T1_p25,P1,0,0.9407,11.16,-19.6,2.88,2088,True
spread_vol_21d,T1_p25,P2,0,0.9165,11.14,-20.31,5.9,2088,True
spread_vol_21d,T1_p25,P3,0,0.396,7.57,-29.94,5.75,2088,True
spread_vol_21d,T1_p50,P1,0,0.8879,12.71,-28.34,3.55,2088,True
spread_vol_21d,T1_p50,P2,0,0.9165,11.14,-20.31,5.9,2088,True
spread_vol_21d,T1_p50,P3,0,0.5589,10.68,-43.73,7.1,2088,True
spread_vol_21d,T1_p75,P1,0,0.6086,10.61,-31.8,2.96,2088,True
spread_vol_21d,T1_p75,P2,0,0.9165,11.14,-20.31,5.9,2088,True
spread_vol_21d,T1_p75,P3,0,0.3386,6.47,-44.48,5.93,2088,True
spread_vol_21d,T2_rp25,P1,0,0.6225,5.73,-13.0,10.8,2088,True
spread_vol_21d,T2_rp25,P2,0,0.9165,11.14,-20.31,5.9,2088,True
spread_vol_21d,T2_rp25,P3,0,-0.1721,-3.29,-47.92,21.59,2088,False
spread_vol_21d,T2_rp50,P1,0,0.7901,9.16,-21.93,9.86,2088,True
spread_vol_21d,T2_rp50,P2,0,0.9165,11.14,-20.31,5.9,2088,True
spread_vol_21d,T2_rp50,P3,0,0.1864,3.56,-31.94,19.72,2088,True
spread_vol_21d,T2_rp75,P1,0,0.8814,11.88,-20.96,6.69,2088,True
spread_vol_21d,T2_rp75,P2,0,0.9165,11.14,-20.31,5.9,2088,True
spread_vol_21d,T2_rp75,P3,0,0.4714,9.01,-30.09,13.38,2088,True
spread_vol_21d,T1_p25,P1,1,0.928,11.13,-18.76,2.88,2088,True
spread_vol_21d,T1_p25,P2,1,0.9208,11.3,-18.56,5.9,2088,True
spread_vol_21d,T1_p25,P3,1,0.3934,7.52,-29.34,5.75,2088,True
spread_vol_21d,T1_p50,P1,1,0.8683,12.51,-28.36,3.61,2088,True
spread_vol_21d,T1_p50,P2,1,0.9208,11.3,-18.56,5.9,2088,True
spread_vol_21d,T1_p50,P3,1,0.5372,10.26,-43.72,7.22,2088,True
spread_vol_21d,T1_p75,P1,1,0.6816,11.94,-29.11,2.96,2088,True
spread_vol_21d,T1_p75,P2,1,0.9208,11.3,-18.56,5.9,2088,True
spread_vol_21d,T1_p75,P3,1,0.4779,9.13,-36.8,5.93,2088,True
spread_vol_21d,T2_rp25,P1,1,0.5355,5.03,-14.67,10.8,2088,True
spread_vol_21d,T2_rp25,P2,1,0.9208,11.3,-18.56,5.9,2088,True
spread_vol_21d,T2_rp25,P3,1,-0.2453,-4.69,-48.29,21.59,2088,False
spread_vol_21d,T2_rp50,P1,1,0.6561,7.68,-24.02,9.86,2088,True
spread_vol_21d,T2_rp50,P2,1,0.9208,11.3,-18.56,5.9,2088,True
spread_vol_21d,T2_rp50,P3,1,0.0323,0.62,-37.1,19.72,2088,True
spread_vol_21d,T2_rp75,P1,1,0.8352,11.25,-23.92,6.69,2088,True
spread_vol_21d,T2_rp75,P2,1,0.9208,11.3,-18.56,5.9,2088,True
spread_vol_21d,T2_rp75,P3,1,0.4053,7.74,-35.73,13.38,2088,True
spread_vol_21d,T1_p25,P1,5,0.8923,11.04,-20.32,2.82,2088,True
spread_vol_21d,T1_p25,P2,5,0.8415,10.69,-18.3,5.9,2088,True
spread_vol_21d,T1_p25,P3,5,0.3833,7.32,-30.76,5.63,2088,True
spread_vol_21d,T1_p50,P1,5,0.8129,12.05,-25.66,3.61,2088,True
spread_vol_21d,T1_p50,P2,5,0.8415,10.69,-18.3,5.9,2088,True
spread_vol_21d,T1_p50,P3,5,0.4891,9.35,-37.7,7.22,2088,True
spread_vol_21d,T1_p75,P1,5,0.642,11.38,-33.72,3.02,2088,True
spread_vol_21d,T1_p75,P2,5,0.8415,10.69,-18.3,5.9,2088,True
spread_vol_21d,T1_p75,P3,5,0.4195,8.02,-49.71,6.04,2088,True
spread_vol_21d,T2_rp25,P1,5,0.3209,3.45,-18.24,10.8,2088,True
spread_vol_21d,T2_rp25,P2,5,0.8415,10.69,-18.3,5.9,2088,True
spread_vol_21d,T2_rp25,P3,5,-0.411,-7.85,-56.47,21.59,2088,False
spread_vol_21d,T2_rp50,P1,5,0.733,8.9,-24.56,9.86,2088,True
spread_vol_21d,T2_rp50,P2,5,0.8415,10.69,-18.3,5.9,2088,True
spread_vol_21d,T2_rp50,P3,5,0.1597,3.05,-39.41,19.72,2088,True
spread_vol_21d,T2_rp75,P1,5,0.767,10.65,-24.59,6.69,2088,True
spread_vol_21d,T2_rp75,P2,5,0.8415,10.69,-18.3,5.9,2088,True
spread_vol_21d,T2_rp75,P3,5,0.3422,6.54,-36.29,13.38,2088,True
spread_vol_21d,T1_p25,P1,10,0.6279,8.53,-28.59,2.82,2088,True
spread_vol_21d,T1_p25,P2,10,0.6803,9.37,-25.53,5.9,2088,True
spread_vol_21d,T1_p25,P3,10,0.1208,2.31,-49.55,5.63,2088,True
spread_vol_21d,T1_p50,P1,10,0.5668,9.17,-29.11,3.61,2088,True
spread_vol_21d,T1_p50,P2,10,0.6803,9.37,-25.53,5.9,2088,True
spread_vol_21d,T1_p50,P3,10,0.1876,3.59,-46.22,7.22,2088,True
spread_vol_21d,T1_p75,P1,10,0.7169,13.03,-33.72,3.08,2088,True
spread_vol_21d,T1_p75,P2,10,0.6803,9.37,-25.53,5.9,2088,True
spread_vol_21d,T1_p75,P3,10,0.5919,11.31,-33.72,6.16,2088,True
spread_vol_21d,T2_rp25,P1,10,0.3198,3.75,-29.35,10.8,2088,True
spread_vol_21d,T2_rp25,P2,10,0.6803,9.37,-25.53,5.9,2088,True
spread_vol_21d,T2_rp25,P3,10,-0.3791,-7.24,-60.28,21.59,2088,False
spread_vol_21d,T2_rp50,P1,10,0.5704,7.42,-27.97,9.86,2088,True
spread_vol_21d,T2_rp50,P2,10,0.6803,9.37,-25.53,5.9,2088,True
spread_vol_21d,T2_rp50,P3,10,0.0052,0.1,-48.95,19.72,2088,True
spread_vol_21d,T2_rp75,P1,10,0.6028,9.1,-29.87,6.69,2088,True
spread_vol_21d,T2_rp75,P2,10,0.6803,9.37,-25.53,5.9,2088,True
spread_vol_21d,T2_rp75,P3,10,0.1808,3.46,-51.97,13.38,2088,True
spread_vol_21d,T1_p25,P1,21,0.5365,8.12,-33.72,2.85,2088,True
spread_vol_21d,T1_p25,P2,21,0.76,11.24,-31.96,5.89,2088,True
spread_vol_21d,T1_p25,P3,21,0.0778,1.49,-51.59,5.69,2088,True
spread_vol_21d,T1_p50,P1,21,0.7236,12.12,-33.72,3.61,2088,True
spread_vol_21d,T1_p50,P2,21,0.76,11.24,-31.96,5.89,2088,True
spread_vol_21d,T1_p50,P3,21,0.4969,9.49,-39.79,7.22,2088,True
spread_vol_21d,T1_p75,P1,21,0.8002,14.71,-33.72,3.14,2088,True
spread_vol_21d,T1_p75,P2,21,0.76,11.24,-31.96,5.89,2088,True
spread_vol_21d,T1_p75,P3,21,0.7679,14.66,-33.72,6.28,2088,True
spread_vol_21d,T2_rp25,P1,21,0.388,5.04,-37.23,10.8,2088,True
spread_vol_21d,T2_rp25,P2,21,0.76,11.24,-31.96,5.89,2088,True
spread_vol_21d,T2_rp25,P3,21,-0.244,-4.66,-59.02,21.59,2088,False
spread_vol_21d,T2_rp50,P1,21,0.5652,8.32,-33.72,9.86,2088,True
spread_vol_21d,T2_rp50,P2,21,0.76,11.24,-31.96,5.89,2088,True
spread_vol_21d,T2_rp50,P3,21,0.0988,1.89,-45.95,19.72,2088,True
spread_vol_21d,T2_rp75,P1,21,0.8351,13.48,-33.72,6.66,2088,True
spread_vol_21d,T2_rp75,P2,21,0.76,11.24,-31.96,5.89,2088,True
spread_vol_21d,T2_rp75,P3,21,0.6393,12.21,-34.19,13.32,2088,True
spread_stress,T1_p25,P1,0,0.0,0.0,0.0,0.0,2088,False
spread_stress,T1_p25,P2,0,0.4317,6.82,-26.14,29.91,2082,False
spread_stress,T1_p25,P3,0,-0.7726,-14.75,-76.86,0.0,2088,False
spread_stress,T1_p50,P1,0,0.0,0.0,0.0,0.0,2088,False
spread_stress,T1_p50,P2,0,0.4317,6.82,-26.14,29.91,2082,False
spread_stress,T1_p50,P3,0,-0.7726,-14.75,-76.86,0.0,2088,False
spread_stress,T1_p75,P1,0,0.4331,6.84,-26.47,29.11,2088,False
spread_stress,T1_p75,P2,0,0.4317,6.82,-26.14,29.91,2082,False
spread_stress,T1_p75,P3,0,-0.0563,-1.08,-51.5,58.21,2088,False
spread_stress,T2_rp25,P1,0,0.6281,0.55,-1.88,0.88,2088,True
spread_stress,T2_rp25,P2,0,0.4317,6.82,-26.14,29.91,2082,False
spread_stress,T2_rp25,P3,0,-0.7146,-13.65,-75.55,1.76,2088,False
spread_stress,T2_rp50,P1,0,0.2958,2.39,-18.3,6.22,2088,True
spread_stress,T2_rp50,P2,0,0.4317,6.82,-26.14,29.91,2082,False
spread_stress,T2_rp50,P3,0,-0.5214,-9.96,-65.56,12.44,2088,False
spread_stress,T2_rp75,P1,0,0.4172,4.99,-18.76,19.54,2088,True
spread_stress,T2_rp75,P2,0,0.4317,6.82,-26.14,29.91,2082,False
spread_stress,T2_rp75,P3,0,-0.25,-4.78,-58.2,39.08,2088,False
spread_stress,T1_p25,P1,1,0.0,0.0,0.0,0.0,2088,False
spread_stress,T1_p25,P2,1,0.5419,8.5,-24.5,29.91,2082,False
spread_stress,T1_p25,P3,1,-0.7726,-14.75,-76.86,0.0,2088,False
spread_stress,T1_p50,P1,1,0.0,0.0,0.0,0.0,2088,False
spread_stress,T1_p50,P2,1,0.5419,8.5,-24.5,29.91,2082,False
spread_stress,T1_p50,P3,1,-0.7726,-14.75,-76.86,0.0,2088,False
spread_stress,T1_p75,P1,1,0.5371,8.41,-24.5,29.13,2088,False
spread_stress,T1_p75,P2,1,0.5419,8.5,-24.5,29.91,2082,False
spread_stress,T1_p75,P3,1,0.1082,2.07,-41.11,58.27,2088,False
spread_stress,T2_rp25,P1,1,0.4831,0.4,-1.88,0.88,2088,True
spread_stress,T2_rp25,P2,1,0.5419,8.5,-24.5,29.91,2082,False
spread_stress,T2_rp25,P3,1,-0.7307,-13.95,-75.75,1.76,2088,False
spread_stress,T2_rp50,P1,1,0.465,3.68,-15.31,6.22,2088,True
spread_stress,T2_rp50,P2,1,0.5419,8.5,-24.5,29.91,2082,False
spread_stress,T2_rp50,P3,1,-0.3871,-7.4,-60.58,12.44,2088,False
spread_stress,T2_rp75,P1,1,0.6306,7.44,-18.76,19.54,2088,True
spread_stress,T2_rp75,P2,1,0.5419,8.5,-24.5,29.91,2082,False
spread_stress,T2_rp75,P3,1,0.0065,0.12,-46.25,39.08,2088,False
spread_stress,T1_p25,P1,5,0.0,0.0,0.0,0.0,2088,False
spread_stress,T1_p25,P2,5,0.5593,8.71,-26.82,29.92,2082,False
spread_stress,T1_p25,P3,5,-0.7726,-14.75,-76.86,0.0,2088,False
spread_stress,T1_p50,P1,5,0.0,0.0,0.0,0.0,2088,False
spread_stress,T1_p50,P2,5,0.5593,8.71,-26.82,29.92,2082,False
spread_stress,T1_p50,P3,5,-0.7726,-14.75,-76.86,0.0,2088,False
spread_stress,T1_p75,P1,5,0.5572,8.67,-26.82,29.13,2088,False
spread_stress,T1_p75,P2,5,0.5593,8.71,-26.82,29.92,2082,False
spread_stress,T1_p75,P3,5,0.1351,2.58,-46.88,58.27,2088,False
spread_stress,T2_rp25,P1,5,0.633,0.54,-1.88,0.88,2088,True
spread_stress,T2_rp25,P2,5,0.5593,8.71,-26.82,29.92,2082,False
spread_stress,T2_rp25,P3,5,-0.7158,-13.67,-75.4,1.76,2088,False
spread_stress,T2_rp50,P1,5,0.5344,4.25,-12.44,6.22,2088,True
spread_stress,T2_rp50,P2,5,0.5593,8.71,-26.82,29.92,2082,False
spread_stress,T2_rp50,P3,5,-0.3274,-6.26,-54.52,12.44,2088,False
spread_stress,T2_rp75,P1,5,0.6256,7.34,-18.76,19.54,2088,True
spread_stress,T2_rp75,P2,5,0.5593,8.71,-26.82,29.92,2082,False
spread_stress,T2_rp75,P3,5,-0.004,-0.08,-47.94,39.08,2088,False
spread_stress,T1_p25,P1,10,0.0,0.0,0.0,0.0,2088,False
spread_stress,T1_p25,P2,10,0.4175,6.8,-26.67,29.94,2082,False
spread_stress,T1_p25,P3,10,-0.7726,-14.75,-76.86,0.0,2088,False
spread_stress,T1_p50,P1,10,0.0,0.0,0.0,0.0,2088,False
spread_stress,T1_p50,P2,10,0.4175,6.8,-26.67,29.94,2082,False
spread_stress,T1_p50,P3,10,-0.7726,-14.75,-76.86,0.0,2088,False
spread_stress,T1_p75,P1,10,0.3647,5.95,-28.51,29.13,2088,False
spread_stress,T1_p75,P2,10,0.4175,6.8,-26.67,29.94,2082,False
spread_stress,T1_p75,P3,10,-0.1487,-2.84,-49.91,58.27,2088,False
spread_stress,T2_rp25,P1,10,0.7034,0.61,-1.88,0.88,2088,True
spread_stress,T2_rp25,P2,10,0.4175,6.8,-26.67,29.94,2082,False
spread_stress,T2_rp25,P3,10,-0.708,-13.52,-75.43,1.76,2088,False
spread_stress,T2_rp50,P1,10,0.1558,1.46,-26.67,6.22,2088,True
spread_stress,T2_rp50,P2,10,0.4175,6.8,-26.67,29.94,2082,False
spread_stress,T2_rp50,P3,10,-0.6189,-11.82,-70.51,12.44,2088,False
spread_stress,T2_rp75,P1,10,0.3703,4.73,-26.67,19.54,2088,True
spread_stress,T2_rp75,P2,10,0.4175,6.8,-26.67,29.94,2082,False
spread_stress,T2_rp75,P3,10,-0.2768,-5.29,-61.43,39.08,2088,False
spread_stress,T1_p25,P1,21,0.0,0.0,0.0,0.0,2088,False
spread_stress,T1_p25,P2,21,0.3128,5.38,-33.72,29.95,2082,False
spread_stress,T1_p25,P3,21,-0.7726,-14.75,-76.86,0.0,2088,False
spread_stress,T1_p50,P1,21,0.0,0.0,0.0,0.0,2088,False
spread_stress,T1_p50,P2,21,0.3128,5.38,-33.72,29.95,2082,False
spread_stress,T1_p50,P3,21,-0.7726,-14.75,-76.86,0.0,2088,False
spread_stress,T1_p75,P1,21,0.2833,4.88,-33.72,29.11,2088,False
spread_stress,T1_p75,P2,21,0.3128,5.38,-33.72,29.95,2082,False
spread_stress,T1_p75,P3,21,-0.2609,-4.99,-61.74,58.21,2088,False
spread_stress,T2_rp25,P1,21,0.4809,0.46,-1.51,0.88,2088,True
spread_stress,T2_rp25,P2,21,0.3128,5.38,-33.72,29.95,2082,False
spread_stress,T2_rp25,P3,21,-0.7247,-13.84,-75.75,1.76,2088,False
spread_stress,T2_rp50,P1,21,-0.2024,-2.25,-33.72,6.22,2088,False
spread_stress,T2_rp50,P2,21,0.3128,5.38,-33.72,29.95,2082,False
spread_stress,T2_rp50,P3,21,-1.0086,-19.24,-84.06,12.44,2088,False
spread_stress,T2_rp75,P1,21,0.1889,2.65,-33.72,19.54,2088,True
spread_stress,T2_rp75,P2,21,0.3128,5.38,-33.72,29.95,2082,False
spread_stress,T2_rp75,P3,21,-0.4944,-9.45,-74.32,39.08,2088,False
spread_level,T1_p25,P1,0,0.6677,9.24,-24.66,21.42,2088,True
spread_level,T1_p25,P2,0,0.522,6.35,-22.61,13.61,2088,True
spread_level,T1_p25,P3,0,0.195,3.73,-47.21,42.84,2088,False
spread_level,T1_p50,P1,0,0.683,10.39,-24.5,20.27,2088,True
spread_level,T1_p50,P2,0,0.522,6.35,-22.61,13.61,2088,True
spread_level,T1_p50,P3,0,0.3152,6.02,-44.06,40.55,2088,False
spread_level,T1_p75,P1,0,0.9244,16.15,-24.5,14.08,2088,True
spread_level,T1_p75,P2,0,0.522,6.35,-22.61,13.61,2088,True
spread_level,T1_p75,P3,0,0.9191,17.54,-24.5,28.17,2088,False
spread_level,T2_rp25,P1,0,-0.0532,-0.54,-29.11,23.5,2088,False
spread_level,T2_rp25,P2,0,0.522,6.35,-22.61,13.61,2088,True
spread_level,T2_rp25,P3,0,-0.8292,-15.83,-80.49,47.0,2088,False
spread_level,T2_rp50,P1,0,0.223,2.87,-33.3,28.61,2088,False
spread_level,T2_rp50,P2,0,0.522,6.35,-22.61,13.61,2088,True
spread_level,T2_rp50,P3,0,-0.4714,-9.01,-73.89,57.21,2088,False
spread_level,T2_rp75,P1,0,0.4092,6.43,-26.96,28.78,2088,False
spread_level,T2_rp75,P2,0,0.522,6.35,-22.61,13.61,2088,True
spread_level,T2_rp75,P3,0,-0.0984,-1.88,-53.08,57.56,2088,False
spread_level,T1_p25,P1,1,0.561,7.81,-24.5,21.42,2088,True
spread_level,T1_p25,P2,1,0.505,6.11,-21.55,13.61,2088,True
spread_level,T1_p25,P3,1,0.0459,0.88,-44.93,42.84,2088,False
spread_level,T1_p50,P1,1,0.763,11.49,-24.5,20.27,2088,True
spread_level,T1_p50,P2,1,0.505,6.11,-21.55,13.61,2088,True
spread_level,T1_p50,P3,1,0.4311,8.24,-27.63,40.55,2088,False
spread_level,T1_p75,P1,1,0.9496,16.51,-24.5,14.11,2088,True
spread_level,T1_p75,P2,1,0.505,6.11,-21.55,13.61,2088,True
spread_level,T1_p75,P3,1,0.9578,18.27,-24.5,28.22,2088,False
spread_level,T2_rp25,P1,1,-0.008,-0.08,-24.53,23.47,2088,False
spread_level,T2_rp25,P2,1,0.505,6.11,-21.55,13.61,2088,True
spread_level,T2_rp25,P3,1,-0.7811,-14.91,-75.36,46.94,2088,False
spread_level,T2_rp50,P1,1,0.1811,2.32,-27.8,28.61,2088,False
spread_level,T2_rp50,P2,1,0.505,6.11,-21.55,13.61,2088,True
spread_level,T2_rp50,P3,1,-0.5291,-10.11,-73.28,57.21,2088,False
spread_level,T2_rp75,P1,1,0.5237,8.16,-24.5,28.78,2088,False
spread_level,T2_rp75,P2,1,0.505,6.11,-21.55,13.61,2088,True
spread_level,T2_rp75,P3,1,0.0821,1.57,-42.32,57.56,2088,False
spread_level,T1_p25,P1,5,0.4486,6.27,-26.82,21.42,2088,True
spread_level,T1_p25,P2,5,0.62,7.6,-19.21,13.61,2088,True
spread_level,T1_p25,P3,5,-0.1159,-2.22,-55.16,42.84,2088,False
spread_level,T1_p50,P1,5,0.8867,13.59,-24.5,20.27,2088,True
spread_level,T1_p50,P2,5,0.62,7.6,-19.21,13.61,2088,True
spread_level,T1_p50,P3,5,0.6503,12.42,-24.5,40.55,2088,False
spread_level,T1_p75,P1,5,0.9648,16.75,-24.5,14.11,2088,True
spread_level,T1_p75,P2,5,0.62,7.6,-19.21,13.61,2088,True
spread_level,T1_p75,P3,5,0.9831,18.76,-29.05,28.22,2088,False
spread_level,T2_rp25,P1,5,0.2776,2.77,-22.7,23.44,2088,True
spread_level,T2_rp25,P2,5,0.62,7.6,-19.21,13.61,2088,True
spread_level,T2_rp25,P3,5,-0.4818,-9.21,-69.76,46.89,2088,False
spread_level,T2_rp50,P1,5,0.2816,3.69,-35.53,28.61,2088,False
spread_level,T2_rp50,P2,5,0.62,7.6,-19.21,13.61,2088,True
spread_level,T2_rp50,P3,5,-0.3859,-7.37,-75.01,57.21,2088,False
spread_level,T2_rp75,P1,5,0.4803,7.42,-26.82,28.78,2088,False
spread_level,T2_rp75,P2,5,0.62,7.6,-19.21,13.61,2088,True
spread_level,T2_rp75,P3,5,0.005,0.1,-55.94,57.56,2088,False
spread_level,T1_p25,P1,10,0.3622,4.96,-25.29,21.42,2088,True
spread_level,T1_p25,P2,10,0.3727,4.66,-23.65,13.62,2088,True
spread_level,T1_p25,P3,10,-0.2523,-4.82,-49.99,42.84,2088,False
spread_level,T1_p50,P1,10,0.6536,10.28,-32.29,20.22,2088,True
spread_level,T1_p50,P2,10,0.3727,4.66,-23.65,13.62,2088,True
spread_level,T1_p50,P3,10,0.3041,5.81,-46.16,40.43,2088,False
spread_level,T1_p75,P1,10,0.8173,14.56,-26.67,14.11,2088,True
spread_level,T1_p75,P2,10,0.3727,4.66,-23.65,13.62,2088,True
spread_level,T1_p75,P3,10,0.753,14.38,-26.67,28.22,2088,False
spread_level,T2_rp25,P1,10,0.1598,1.55,-27.02,23.41,2088,True
spread_level,T2_rp25,P2,10,0.3727,4.66,-23.65,13.62,2088,True
spread_level,T2_rp25,P3,10,-0.6099,-11.65,-74.56,46.83,2088,False
spread_level,T2_rp50,P1,10,0.0033,0.04,-31.17,28.61,2088,False
spread_level,T2_rp50,P2,10,0.3727,4.66,-23.65,13.62,2088,True
spread_level,T2_rp50,P3,10,-0.768,-14.66,-79.28,57.21,2088,False
spread_level,T2_rp75,P1,10,0.3666,5.94,-28.62,28.78,2088,False
spread_level,T2_rp75,P2,10,0.3727,4.66,-23.65,13.62,2088,True
spread_level,T2_rp75,P3,10,-0.1499,-2.86,-49.46,57.56,2088,False
spread_level,T1_p25,P1,21,0.376,5.5,-23.87,21.42,2088,True
spread_level,T1_p25,P2,21,0.3846,5.09,-28.85,13.6,2088,True
spread_level,T1_p25,P3,21,-0.1963,-3.75,-47.0,42.84,2088,False
spread_level,T1_p50,P1,21,0.4934,8.36,-33.72,20.13,2088,True
spread_level,T1_p50,P2,21,0.3846,5.09,-28.85,13.6,2088,True
spread_level,T1_p50,P3,21,0.1032,1.97,-37.75,40.25,2088,False
spread_level,T1_p75,P1,21,0.6828,12.73,-33.72,14.11,2088,True
spread_level,T1_p75,P2,21,0.3846,5.09,-28.85,13.6,2088,True
spread_level,T1_p75,P3,21,0.5611,10.72,-33.72,28.22,2088,False
spread_level,T2_rp25,P1,21,0.2159,2.02,-19.94,23.3,2088,True
spread_level,T2_rp25,P2,21,0.3846,5.09,-28.85,13.6,2088,True
spread_level,T2_rp25,P3,21,-0.5607,-10.71,-68.99,46.59,2088,False
spread_level,T2_rp50,P1,21,-0.0296,-0.45,-37.13,28.58,2088,False
spread_level,T2_rp50,P2,21,0.3846,5.09,-28.85,13.6,2088,True
spread_level,T2_rp50,P3,21,-0.8199,-15.65,-80.3,57.15,2088,False
spread_level,T2_rp75,P1,21,0.2945,5.04,-33.72,28.75,2088,False
spread_level,T2_rp75,P2,21,0.3846,5.09,-28.85,13.6,2088,True
spread_level,T2_rp75,P3,21,-0.244,-4.66,-60.34,57.51,2088,False
BENCHMARK,BUY_HOLD,BH,0,0.7726,14.75,-33.72,0.0,2088,True
